Date,Open,High,Low,Close
2005-04-01,,,,1000
2005-04-04,,,,1007.5
2005-04-05,,,,998.77
2005-04-06,,,,1017.08
2005-04-07,,,,1018.96
2005-04-08,,,,1011.39
2005-04-11,,,,1003.75
2005-04-12,,,,1011.74
2005-04-13,,,,1009.74
2005-04-15,,,,984.13
2005-04-18,,,,979.05
2005-04-19,,,,973.67
2005-04-20,,,,980.67
2005-04-21,,,,997.1
2005-04-22,,,,1011.45
2005-04-25,,,,1017.63
2005-04-26,,,,1020.8
2005-04-27,,,,1014.41
2005-04-28,,,,1014.33
2005-04-29,,,,994.01
2005-05-02,,,,985.82
2005-05-03,,,,991.87
2005-05-04,,,,1010.35
2005-05-05,,,,1023.33
2005-05-06,,,,1029.39
2005-05-09,,,,1044.64
2005-05-10,,,,1049.7
2005-05-11,,,,1054.01
2005-05-12,,,,1074
2005-05-13,,,,1089.11
2005-05-16,,,,1104.24
2005-05-17,,,,1091.12
2005-05-18,,,,1093.87
2005-05-19,,,,1108.16
2005-05-20,,,,1111.15
2005-05-23,,,,1119.48
2005-05-24,,,,1117.5
2005-05-25,,,,1123.98
2005-05-26,,,,1119.84
2005-05-27,,,,1109.82
2005-05-30,,,,1098.3
2005-05-31,,,,1108.69
2005-06-01,,,,1118.06
2005-06-02,,,,1110.03
2005-06-03,,,,1124.28
2005-06-04,,,,1136.34
2005-06-06,,,,1141.5
2005-06-07,,,,1147.21
2005-06-08,,,,1150.16
2005-06-09,,,,1153.46
2005-06-10,,,,1147.9
2005-06-13,,,,1151.01
2005-06-14,,,,1154.87
2005-06-15,,,,1162.31
2005-06-16,,,,1137.27
2005-06-17,,,,1116.66
2005-06-20,,,,1103.99
2005-06-21,,,,1111.54
2005-06-22,,,,1112.59
2005-06-23,,,,1117.72
2005-06-24,,,,1129.66
2005-06-27,,,,1125.03
2005-06-28,,,,1103.09
2005-06-29,,,,1114.13
2005-06-30,,,,1122.95
2005-07-01,,,,1139.85
2005-07-04,,,,1156.58
2005-07-05,,,,1149.27
2005-07-06,,,,1170.55
2005-07-07,,,,1156.74
2005-07-08,,,,1178.69
2005-07-11,,,,1198.27
2005-07-12,,,,1203.08
2005-07-13,,,,1215.39
2005-07-14,,,,1218.22
2005-07-15,,,,1236.13
2005-07-18,,,,1258.74
2005-07-19,,,,1263.13
2005-07-20,,,,1269.26
2005-07-21,,,,1264.55
2005-07-22,,,,1279.86
2005-07-25,,,,1282.23
2005-07-26,,,,1273.58
2005-07-27,,,,1267.94
2005-07-29,,,,1255.36
2005-08-01,,,,1256.78
2005-08-02,,,,1283.93
2005-08-03,,,,1282.15
2005-08-04,,,,1299.13
2005-08-05,,,,1315.96
2005-08-08,,,,1305.87
2005-08-09,,,,1310.1
2005-08-10,,,,1342.85
2005-08-11,,,,1359.07
2005-08-12,,,,1368.47
2005-08-16,,,,1393.14
2005-08-17,,,,1415.41
2005-08-18,,,,1408.75
2005-08-19,,,,1424.18
2005-08-22,,,,1427.8
2005-08-23,,,,1386.45
2005-08-24,,,,1374.47
2005-08-25,,,,1400.99
2005-08-26,,,,1413.09
2005-08-29,,,,1425.59
2005-08-30,,,,1442.24
2005-08-31,,,,1465.98
2005-09-01,,,,1480.81
2005-09-02,,,,1482
2005-09-05,,,,1490.09
2005-09-06,,,,1488.51
2005-09-08,,,,1501.89
2005-09-09,,,,1492.39
2005-09-12,,,,1512.62
2005-09-13,,,,1523.83
2005-09-14,,,,1515.95
2005-09-15,,,,1539.51
2005-09-16,,,,1552.82
2005-09-19,,,,1562.67
2005-09-20,,,,1555.2
2005-09-21,,,,1509.52
2005-09-22,,,,1404.54
2005-09-23,,,,1417.41
2005-09-26,,,,1479.75
2005-09-27,,,,1494.05
2005-09-28,,,,1499.91
2005-09-29,,,,1481.86
2005-09-30,,,,1463.97
2005-10-03,,,,1490.22
2005-10-04,,,,1510.91
2005-10-05,,,,1502.86
2005-10-06,,,,1482.84
2005-10-07,,,,1480.06
2005-10-10,,,,1468.77
2005-10-11,,,,1455.4
2005-10-13,,,,1443.85
2005-10-14,,,,1406.78
2005-10-17,,,,1387.35
2005-10-18,,,,1385.72
2005-10-19,,,,1332.86
2005-10-20,,,,1305.27
2005-10-21,,,,1318.86
2005-10-24,,,,1320.45
2005-10-25,,,,1322.38
2005-10-26,,,,1323.12
2005-10-27,,,,1305.18
2005-10-28,,,,1276.82
2005-10-31,,,,1299.93
2005-11-01,,,,1325.56
2005-11-02,,,,1328.75
2005-11-07,,,,1357.36
2005-11-08,,,,1374.9
2005-11-09,,,,1373.19
2005-11-10,,,,1381.6
2005-11-11,,,,1406.35
2005-11-14,,,,1410.18
2005-11-16,,,,1422.47
2005-11-17,,,,1427.25
2005-11-18,,,,1430.02
2005-11-21,,,,1417.21
2005-11-22,,,,1408.83
2005-11-23,,,,1422.98
2005-11-24,,,,1434.55
2005-11-25,,,,1445.87
2005-11-26,,,,1455.36
2005-11-28,,,,1467.78
2005-11-29,,,,1461.58
2005-11-30,,,,1455.22
2005-12-01,,,,1467.6
2005-12-02,,,,1475.26
2005-12-05,,,,1476.33
2005-12-06,,,,1484.82
2005-12-07,,,,1494.93
2005-12-08,,,,1507.95
2005-12-09,,,,1526.84
2005-12-12,,,,1527.77
2005-12-13,,,,1526.31
2005-12-14,,,,1520.81
2005-12-15,,,,1509.03
2005-12-16,,,,1515.81
2005-12-19,,,,1522.49
2005-12-20,,,,1515.55
2005-12-21,,,,1517.79
2005-12-22,,,,1519.95
2005-12-23,,,,1507.92
2005-12-26,,,,1475.61
2005-12-27,,,,1502.37
2005-12-28,,,,1506.44
2005-12-29,,,,1523.57
2005-12-30,,,,1537.75
2006-01-02,,,,1562.08
2006-01-03,,,,1591.64
2006-01-04,,,,1598.88
2006-01-05,,,,1596.55
2006-01-06,,,,1608.64
2006-01-09,,,,1616.55
2006-01-10,,,,1604.62
2006-01-12,,,,1612.44
2006-01-13,,,,1622.82
2006-01-16,,,,1609.89
2006-01-17,,,,1596.01
2006-01-18,,,,1580.45
2006-01-19,,,,1621.1
2006-01-20,,,,1632.18
2006-01-23,,,,1636.14
2006-01-24,,,,1648.41
2006-01-25,,,,1637.26
2006-01-27,,,,1640.49
2006-01-30,,,,1616.42
2006-01-31,,,,1615.59
2006-02-01,,,,1590.76
2006-02-02,,,,1590.05
2006-02-03,,,,1586.72
2006-02-06,,,,1598.26
2006-02-07,,,,1597.37
2006-02-08,,,,1599.73
2006-02-10,,,,1613.72
2006-02-13,,,,1631.92
2006-02-14,,,,1622.48
2006-02-15,,,,1625.36
2006-02-16,,,,1630.26
2006-02-17,,,,1606.84
2006-02-20,,,,1594.14
2006-02-21,,,,1608.94
2006-02-22,,,,1603.29
2006-02-23,,,,1595.31
2006-02-24,,,,1594.1
2006-02-27,,,,1602.98
2006-02-28,,,,1601.12
2006-03-01,,,,1627.29
2006-03-02,,,,1633.28
2006-03-03,,,,1641.85
2006-03-06,,,,1664.44
2006-03-07,,,,1675.76
2006-03-08,,,,1657.45
2006-03-09,,,,1663.42
2006-03-10,,,,1684.11
2006-03-13,,,,1691.7
2006-03-14,,,,1684.62
2006-03-16,,,,1686.52
2006-03-17,,,,1675.71
2006-03-20,,,,1688.47
2006-03-21,,,,1685.02
2006-03-22,,,,1670.55
2006-03-23,,,,1672.96
2006-03-24,,,,1683.17
2006-03-27,,,,1702.97
2006-03-28,,,,1693.23
2006-03-29,,,,1715.01
2006-03-30,,,,1737.06
2006-03-31,,,,1762.19
2006-04-03,,,,1816.8
2006-04-04,,,,1831.52
2006-04-05,,,,1858.82
2006-04-07,,,,1836.5
2006-04-10,,,,1856.42
2006-04-12,,,,1832.52
2006-04-13,,,,1793.66
2006-04-17,,,,1830.02
2006-04-18,,,,1851.27
2006-04-19,,,,1860.5
2006-04-20,,,,1873.86
2006-04-21,,,,1876.9
2006-04-24,,,,1898.9
2006-04-25,,,,1886.31
2006-04-26,,,,1922.74
2006-04-27,,,,1940.18
2006-04-28,,,,1924.87
2006-04-29,,,,1977.06
2006-05-02,,,,2000.5
2006-05-03,,,,2011.66
2006-05-04,,,,2018.41
2006-05-05,,,,2026.73
2006-05-08,,,,2051.28
2006-05-09,,,,2065
2006-05-10,,,,2095.39
2006-05-11,,,,2086.41
2006-05-12,,,,2082.26
2006-05-15,,,,2027.5
2006-05-16,,,,1997.44
2006-05-17,,,,2072.68
2006-05-18,,,,1928.74
2006-05-19,,,,1854.23
2006-05-22,,,,1724.78
2006-05-23,,,,1793
2006-05-24,,,,1804.28
2006-05-25,,,,1801.04
2006-05-26,,,,1844.9
2006-05-29,,,,1864.29
2006-05-30,,,,1870.18
2006-05-31,,,,1814.58
2006-06-01,,,,1770.62
2006-06-02,,,,1739.68
2006-06-05,,,,1707.3
2006-06-06,,,,1644.41
2006-06-07,,,,1531.15
2006-06-08,,,,1401.88
2006-06-09,,,,1469.01
2006-06-12,,,,1437.67
2006-06-13,,,,1353.47
2006-06-14,,,,1305.26
2006-06-15,,,,1356.2
2006-06-16,,,,1415.74
2006-06-19,,,,1453.68
2006-06-20,,,,1476.47
2006-06-21,,,,1525.05
2006-06-22,,,,1569.23
2006-06-23,,,,1582.28
2006-06-25,,,,1603.95
2006-06-26,,,,1548.77
2006-06-27,,,,1525.61
2006-06-28,,,,1512.59
2006-06-29,,,,1518.22
2006-06-30,,,,1564.95
2006-07-03,,,,1569.86
2006-07-04,,,,1563.48
2006-07-05,,,,1572.6
2006-07-06,,,,1565.45
2006-07-07,,,,1542.03
2006-07-10,,,,1542.79
2006-07-11,,,,1547.66
2006-07-12,,,,1558.52
2006-07-13,,,,1561.4
2006-07-14,,,,1554.62
2006-07-17,,,,1521.73
2006-07-18,,,,1495.02
2006-07-19,,,,1444.17
2006-07-20,,,,1465.26
2006-07-21,,,,1428.93
2006-07-24,,,,1415.97
2006-07-25,,,,1444.85
2006-07-26,,,,1474.66
2006-07-27,,,,1518.29
2006-07-28,,,,1532.19
2006-07-31,,,,1545.83
2006-08-01,,,,1536.88
2006-08-02,,,,1553.67
2006-08-03,,,,1570.31
2006-08-04,,,,1563.1
2006-08-07,,,,1563.67
2006-08-08,,,,1581.41
2006-08-09,,,,1604.58
2006-08-10,,,,1628.86
2006-08-11,,,,1665.7
2006-08-14,,,,1702.85
2006-08-16,,,,1730.82
2006-08-17,,,,1709.84
2006-08-18,,,,1723.66
2006-08-21,,,,1736.94
2006-08-22,,,,1739.13
2006-08-23,,,,1720.9
2006-08-24,,,,1721.73
2006-08-25,,,,1737.68
2006-08-28,,,,1743.41
2006-08-29,,,,1745.99
2006-08-30,,,,1735.81
2006-08-31,,,,1715.44
2006-09-01,,,,1724.77
2006-09-04,,,,1744.84
2006-09-05,,,,1752.73
2006-09-06,,,,1773.6
2006-09-07,,,,1770.83
2006-09-08,,,,1784.43
2006-09-11,,,,1735.02
2006-09-12,,,,1743.07
2006-09-13,,,,1774.82
2006-09-14,,,,1780.85
2006-09-15,,,,1784.52
2006-09-18,,,,1796.16
2006-09-19,,,,1779.6
2006-09-20,,,,1779.28
2006-09-21,,,,1793.81
2006-09-22,,,,1785.19
2006-09-25,,,,1785.32
2006-09-26,,,,1790.27
2006-09-27,,,,1795.83
2006-09-28,,,,1803.9
2006-09-29,,,,1820.15
2006-10-03,,,,1830.67
2006-10-04,,,,1819.31
2006-10-05,,,,1848.52
2006-10-06,,,,1862.42
2006-10-09,,,,1882.19
2006-10-10,,,,1886.96
2006-10-11,,,,1867.39
2006-10-12,,,,1879.35
2006-10-13,,,,1889.59
2006-10-16,,,,1887.17
2006-10-17,,,,1876.81
2006-10-18,,,,1886.92
2006-10-19,,,,1885.57
2006-10-20,,,,1894.78
2006-10-21,,,,1919.13
2006-10-23,,,,1906.56
2006-10-26,,,,1914.67
2006-10-27,,,,1920.12
2006-10-30,,,,1916.38
2006-10-31,,,,1900.48
2006-11-01,,,,1915.98
2006-11-02,,,,1920.33
2006-11-03,,,,1924.53
2006-11-06,,,,1940.89
2006-11-07,,,,1941.7
2006-11-08,,,,1917.25
2006-11-09,,,,1935.05
2006-11-10,,,,1948.66
2006-11-13,,,,1961.03
2006-11-14,,,,1943.2
2006-11-15,,,,1942.3
2006-11-16,,,,1935.51
2006-11-17,,,,1903.67
2006-11-20,,,,1885.52
2006-11-21,,,,1914.64
2006-11-22,,,,1924.94
2006-11-23,,,,1926.09
2006-11-24,,,,1935.62
2006-11-27,,,,1942.98
2006-11-28,,,,1927.43
2006-11-29,,,,1951.23
2006-11-30,,,,1953.6
2006-12-01,,,,1974.26
2006-12-04,,,,1986.23
2006-12-05,,,,1989.69
2006-12-06,,,,1967.97
2006-12-07,,,,1969.28
2006-12-08,,,,1956.95
2006-12-11,,,,1910.85
2006-12-12,,,,1842.29
2006-12-13,,,,1870.29
2006-12-14,,,,1923.61
2006-12-15,,,,1940.53
2006-12-18,,,,1941.47
2006-12-19,,,,1926.41
2006-12-20,,,,1927.81
2006-12-21,,,,1937.98
2006-12-22,,,,1961.21
2006-12-26,,,,1978.24
2006-12-27,,,,1990.93
2006-12-28,,,,1999.5
2006-12-29,,,,2014.87
2007-01-02,,,,2044.77
2007-01-03,,,,2069.87
2007-01-04,,,,2084.31
2007-01-05,,,,2095.68
2007-01-08,,,,2102.84
2007-01-09,,,,2091.24
2007-01-10,,,,2073.49
2007-01-11,,,,2105.32
2007-01-12,,,,2130.7
2007-01-15,,,,2161.9
2007-01-16,,,,2171.27
2007-01-17,,,,2189.64
2007-01-18,,,,2194.94
2007-01-19,,,,2185.35
2007-01-22,,,,2193.04
2007-01-23,,,,2168.08
2007-01-24,,,,2174.2
2007-01-25,,,,2184.63
2007-01-29,,,,2183.87
2007-01-31,,,,2162.23
2007-02-01,,,,2169.45
2007-02-02,,,,2180.93
2007-02-05,,,,2209.07
2007-02-06,,,,2213.84
2007-02-07,,,,2222.8
2007-02-08,,,,2215.72
2007-02-09,,,,2177.9
2007-02-12,,,,2086.13
2007-02-13,,,,2082.42
2007-02-14,,,,2089.81
2007-02-15,,,,2148.05
2007-02-19,,,,2153.8
2007-02-20,,,,2130.67
2007-02-21,,,,2132.8
2007-02-22,,,,2115.45
2007-02-23,,,,2052.6
2007-02-26,,,,2059.43
2007-02-27,,,,2065.25
2007-02-28,,,,2003.29
2007-03-01,,,,2007.2
2007-03-02,,,,1989.19
2007-03-05,,,,1885.22
2007-03-06,,,,1888.89
2007-03-07,,,,1847.38
2007-03-08,,,,1889.97
2007-03-09,,,,1889.14
2007-03-12,,,,1905.38
2007-03-13,,,,1936.86
2007-03-14,,,,1899.13
2007-03-15,,,,1911.37
2007-03-16,,,,1890.53
2007-03-19,,,,1905.8
2007-03-20,,,,1915.31
2007-03-21,,,,1922.53
2007-03-22,,,,1938.98
2007-03-23,,,,1939.45
2007-03-26,,,,1934.18
2007-03-28,,,,1907.37
2007-03-29,,,,1916.72
2007-03-30,,,,1938.26
2007-04-02,,,,1883.07
2007-04-03,,,,1890.91
2007-04-04,,,,1909.34
2007-04-05,,,,1928.13
2007-04-09,,,,1966.79
2007-04-10,,,,1996.22
2007-04-11,,,,2015.71
2007-04-12,,,,2014.36
2007-04-13,,,,2040.64
2007-04-16,,,,2073.65
2007-04-17,,,,2058.11
2007-04-18,,,,2071.25
2007-04-19,,,,2069.48
2007-04-20,,,,2089.68
2007-04-23,,,,2087.53
2007-04-24,,,,2093.39
2007-04-25,,,,2113.1
2007-04-26,,,,2100.34
2007-04-27,,,,2073.62
2007-04-30,,,,2093.89
2007-05-03,,,,2110.57
2007-05-04,,,,2104.28
2007-05-07,,,,2102.62
2007-05-08,,,,2085.84
2007-05-09,,,,2086.61
2007-05-10,,,,2089.82
2007-05-11,,,,2104.4
2007-05-14,,,,2136.76
2007-05-15,,,,2147.1
2007-05-16,,,,2172.03
2007-05-17,,,,2184.91
2007-05-18,,,,2186.88
2007-05-21,,,,2203.7
2007-05-22,,,,2199.89
2007-05-23,,,,2188.27
2007-05-24,,,,2184.35
2007-05-25,,,,2197.34
2007-05-28,,,,2221.5
2007-05-29,,,,2244.48
2007-05-30,,,,2223.5
2007-05-31,,,,2241.71
2007-06-01,,,,2260.23
2007-06-04,,,,2251.68
2007-06-05,,,,2257.97
2007-06-06,,,,2232.97
2007-06-07,,,,2237.02
2007-06-08,,,,2224.43
2007-06-11,,,,2215.55
2007-06-12,,,,2197.52
2007-06-13,,,,2194.43
2007-06-14,,,,2224.24
2007-06-15,,,,2236.86
2007-06-18,,,,2228.17
2007-06-19,,,,2246.95
2007-06-20,,,,2272.28
2007-06-21,,,,2285.97
2007-06-22,,,,2291.41
2007-06-25,,,,2295.97
2007-06-26,,,,2315.31
2007-06-27,,,,2320.06
2007-06-28,,,,2327.71
2007-06-29,,,,2346.62
2007-07-02,,,,2367.38
2007-07-03,,,,2387.66
2007-07-04,,,,2381.49
2007-07-05,,,,2359.11
2007-07-06,,,,2373.66
2007-07-09,,,,2397.18
2007-07-10,,,,2400.3
2007-07-11,,,,2416.28
2007-07-12,,,,2442.26
2007-07-13,,,,2440.62
2007-07-16,,,,2457.42
2007-07-17,,,,2433.43
2007-07-18,,,,2422.92
2007-07-19,,,,2444.64
2007-07-20,,,,2442.88
2007-07-23,,,,2441.87
2007-07-24,,,,2421.22
2007-07-25,,,,2406.46
2007-07-26,,,,2426.71
2007-07-27,,,,2365.42
2007-07-30,,,,2365.63
2007-07-31,,,,2404.8
2007-08-01,,,,2315.8
2007-08-02,,,,2331.29
2007-08-03,,,,2363.29
2007-08-06,,,,2341.71
2007-08-07,,,,2360.25
2007-08-08,,,,2393.31
2007-08-09,,,,2358.02
2007-08-10,,,,2345.15
2007-08-13,,,,2371.36
2007-08-14,,,,2374.14
2007-08-16,,,,2303.94
2007-08-17,,,,2275.09
2007-08-20,,,,2311.81
2007-08-21,,,,2234.99
2007-08-22,,,,2239.19
2007-08-23,,,,2212.93
2007-08-24,,,,2246.9
2007-08-27,,,,2299.52
2007-08-28,,,,2316.73
2007-08-29,,,,2333.73
2007-08-30,,,,2348.2
2007-08-31,,,,2399.88
2007-09-03,,,,2446.34
2007-09-04,,,,2466.57
2007-09-05,,,,2469.83
2007-09-06,,,,2495.3
2007-09-07,,,,2496.52
2007-09-10,,,,2514.98
2007-09-11,,,,2511.96
2007-09-12,,,,2525.35
2007-09-13,,,,2549.34
2007-09-14,,,,2542.82
2007-09-17,,,,2554.99
2007-09-18,,,,2583.7
2007-09-19,,,,2625.84
2007-09-20,,,,2627.54
2007-09-21,,,,2637.96
2007-09-24,,,,2657
2007-09-25,,,,2661.35
2007-09-26,,,,2692.1
2007-09-27,,,,2699.99
2007-09-28,,,,2727.98
2007-10-01,,,,2762.19
2007-10-03,,,,2762.74
2007-10-04,,,,2786.37
2007-10-05,,,,2764.83
2007-10-08,,,,2663.42
2007-10-09,,,,2732.51
2007-10-10,,,,2768.1
2007-10-11,,,,2798.84
2007-10-12,,,,2791.22
2007-10-15,,,,2871.74
2007-10-16,,,,2881.13
2007-10-17,,,,2830.79
2007-10-18,,,,2776.6
2007-10-19,,,,2718.05
2007-10-22,,,,2728.36
2007-10-23,,,,2811.69
2007-10-24,,,,2839.73
2007-10-25,,,,2886.15
2007-10-26,,,,2945.4
2007-10-29,,,,3005.43
2007-10-30,,,,2984.12
2007-10-31,,,,3027.42
2007-11-01,,,,2990.03
2007-11-02,,,,3012.71
2007-11-05,,,,3034.32
2007-11-06,,,,3026.35
2007-11-07,,,,3001.64
2007-11-08,,,,2991.79
2007-11-09,,,,3036.16
2007-11-12,,,,3025.87
2007-11-13,,,,3075.96
2007-11-14,,,,3141.2
2007-11-15,,,,3205.35
2007-11-16,,,,3246.47
2007-11-19,,,,3324.53
2007-11-20,,,,3307.64
2007-11-21,,,,3161.2
2007-11-22,,,,3110.78
2007-11-23,,,,3149.03
2007-11-26,,,,3221.15
2007-11-27,,,,3219.85
2007-11-28,,,,3252.78
2007-11-29,,,,3243.58
2007-11-30,,,,3301.78
2007-12-03,,,,3384.66
2007-12-04,,,,3432.61
2007-12-05,,,,3515.16
2007-12-06,,,,3516.54
2007-12-07,,,,3519.34
2007-12-10,,,,3547.26
2007-12-11,,,,3566.31
2007-12-12,,,,3623.13
2007-12-13,,,,3633.48
2007-12-14,,,,3676.7
2007-12-17,,,,3559.29
2007-12-18,,,,3579.54
2007-12-19,,,,3593.61
2007-12-20,,,,3578.06
2007-12-24,,,,3635.59
2007-12-26,,,,3724.56
2007-12-27,,,,3754.25
2007-12-28,,,,3820.85
2007-12-31,,,,3927.98
2008-01-01,,,,4004.14
2008-01-02,,,,4039.14
2008-01-03,,,,4030.16
2008-01-04,,,,4038.1
2008-01-07,,,,4034.63
2008-01-08,,,,3918.78
2008-01-09,,,,3892.79
2008-01-10,,,,3761.74
2008-01-11,,,,3741.75
2008-01-14,,,,3778
2008-01-15,,,,3741.76
2008-01-16,,,,3658.13
2008-01-17,,,,3712
2008-01-18,,,,3539.01
2008-01-21,,,,3123.92
2008-01-22,,,,2847.74
2008-01-23,,,,3055.85
2008-01-24,,,,2954.72
2008-01-25,,,,3124.71
2008-01-28,,,,3110.09
2008-01-29,,,,3136.28
2008-01-30,,,,3062.36
2008-01-31,,,,3030.27
2008-02-01,,,,3033.19
2008-02-04,,,,3109.6
2008-02-05,,,,3143.72
2008-02-06,,,,3115.73
2008-02-07,,,,3050.08
2008-02-08,,,,2986.75
2008-02-11,,,,2820.81
2008-02-12,,,,2754.96
2008-02-13,,,,2747.22
2008-02-14,,,,2884.38
2008-02-15,,,,2939.55
2008-02-18,,,,2977.86
2008-02-19,,,,2994.61
2008-02-20,,,,2956.45
2008-02-21,,,,2985.07
2008-02-22,,,,2959.63
2008-02-25,,,,2945.25
2008-02-26,,,,2993.94
2008-02-27,,,,3003.06
2008-02-28,,,,2996.87
2008-02-29,,,,2987.76
2008-03-03,,,,2854.26
2008-03-04,,,,2779.23
2008-03-05,,,,2752.13
2008-03-07,,,,2630.77
2008-03-10,,,,2602.88
2008-03-11,,,,2687.93
2008-03-12,,,,2669.68
2008-03-13,,,,2522.22
2008-03-14,,,,2545.24
2008-03-17,,,,2388.36
2008-03-18,,,,2360.62
2008-03-19,,,,2326.21
2008-03-24,,,,2240.04
2008-03-25,,,,2369.15
2008-03-26,,,,2420.41
2008-03-27,,,,2436.09
2008-03-28,,,,2546.04
2008-03-31,,,,2520.87
2008-04-01,,,,2504.84
2008-04-02,,,,2502.24
2008-04-03,,,,2485.72
2008-04-04,,,,2444.56
2008-04-07,,,,2468.87
2008-04-08,,,,2478.78
2008-04-09,,,,2520
2008-04-10,,,,2531.08
2008-04-11,,,,2545.07
2008-04-15,,,,2571.53
2008-04-16,,,,2613.81
2008-04-17,,,,2664.95
2008-04-21,,,,2729.78
2008-04-22,,,,2741.89
2008-04-23,,,,2751.66
2008-04-24,,,,2727.77
2008-04-25,,,,2735.2
2008-04-28,,,,2740.75
2008-04-29,,,,2772.43
2008-04-30,,,,2780.28
2008-05-02,,,,2803.26
2008-05-05,,,,2813.88
2008-05-06,,,,2779.02
2008-05-07,,,,2775.02
2008-05-08,,,,2755.46
2008-05-09,,,,2696.21
2008-05-12,,,,2672.2
2008-05-13,,,,2676.22
2008-05-14,,,,2691.02
2008-05-15,,,,2735.15
2008-05-16,,,,2759.01
2008-05-20,,,,2758.96
2008-05-21,,,,2781.89
2008-05-22,,,,2743.78
2008-05-23,,,,2702.28
2008-05-26,,,,2645.75
2008-05-27,,,,2618.06
2008-05-28,,,,2639.37
2008-05-29,,,,2627.1
2008-05-30,,,,2628.58
2008-06-02,,,,2561.08
2008-06-03,,,,2532.83
2008-06-04,,,,2475.06
2008-06-05,,,,2478.82
2008-06-06,,,,2465.51
2008-06-09,,,,2391.01
2008-06-10,,,,2375.05
2008-06-11,,,,2414.68
2008-06-12,,,,2433.31
2008-06-13,,,,2444.36
2008-06-16,,,,2473.75
2008-06-17,,,,2514.92
2008-06-18,,,,2506.37
2008-06-19,,,,2467.53
2008-06-20,,,,2397.91
2008-06-23,,,,2319.27
2008-06-24,,,,2290.24
2008-06-25,,,,2309.35
2008-06-26,,,,2317.95
2008-06-27,,,,2258.88
2008-06-30,,,,2193.35
2008-07-01,,,,2095.19
2008-07-02,,,,2140.86
2008-07-03,,,,2089.98
2008-07-04,,,,2130.17
2008-07-07,,,,2162.6
2008-07-08,,,,2147.83
2008-07-09,,,,2203.95
2008-07-10,,,,2210.34
2008-07-11,,,,2177.37
2008-07-14,,,,2158.97
2008-07-15,,,,2101.3
2008-07-16,,,,2079.68
2008-07-17,,,,2100.99
2008-07-18,,,,2120.11
2008-07-21,,,,2115.56
2008-07-22,,,,2149.71
2008-07-23,,,,2237.55
2008-07-24,,,,2231.37
2008-07-25,,,,2223.06
2008-07-28,,,,2253.15
2008-07-29,,,,2217.39
2008-07-30,,,,2242.76
2008-07-31,,,,2245.11
2008-08-01,,,,2263.04
2008-08-04,,,,2295.49
2008-08-05,,,,2318.44
2008-08-06,,,,2318.56
2008-08-07,,,,2332.95
2008-08-08,,,,2344.07
2008-08-11,,,,2373.42
2008-08-12,,,,2361.64
2008-08-13,,,,2366.93
2008-08-14,,,,2332.86
2008-08-18,,,,2312.89
2008-08-19,,,,2314.36
2008-08-20,,,,2343.44
2008-08-21,,,,2296.06
2008-08-22,,,,2297.5
2008-08-25,,,,2299.12
2008-08-26,,,,2298.36
2008-08-27,,,,2288
2008-08-28,,,,2257.74
2008-08-29,,,,2301.79
2008-09-01,,,,2294.21
2008-09-02,,,,2316.59
2008-09-04,,,,2312.87
2008-09-05,,,,2285.86
2008-09-08,,,,2303.22
2008-09-09,,,,2294.18
2008-09-10,,,,2270.5
2008-09-11,,,,2243.27
2008-09-12,,,,2203.63
2008-09-15,,,,2100.1
2008-09-16,,,,2070.35
2008-09-17,,,,2042.14
2008-09-18,,,,2003.4
2008-09-19,,,,2055.15
2008-09-22,,,,2051.46
2008-09-23,,,,2012.12
2008-09-24,,,,2019.12
2008-09-25,,,,1997.94
2008-09-26,,,,1937.68
2008-09-29,,,,1842.41
2008-09-30,,,,1864.64
2008-10-01,,,,1874.65
2008-10-03,,,,1818.64
2008-10-06,,,,1690.44
2008-10-07,,,,1651.74
2008-10-08,,,,1569.56
2008-10-10,,,,1439.81
2008-10-13,,,,1489.15
2008-10-14,,,,1525.43
2008-10-15,,,,1453.35
2008-10-16,,,,1436.44
2008-10-17,,,,1398.16
2008-10-20,,,,1376.2
2008-10-21,,,,1405.48
2008-10-22,,,,1376.07
2008-10-23,,,,1328.02
2008-10-24,,,,1217.36
2008-10-27,,,,1155.88
2008-10-28,,,,1239.71
2008-10-29,,,,1227.2
2008-10-31,,,,1264.1
2008-11-03,,,,1320.56
2008-11-04,,,,1351.19
2008-11-05,,,,1323.8
2008-11-06,,,,1292.32
2008-11-07,,,,1301.68
2008-11-10,,,,1335.93
2008-11-11,,,,1294.69
2008-11-12,,,,1274.31
2008-11-14,,,,1255.02
2008-11-17,,,,1223.12
2008-11-18,,,,1191.2
2008-11-19,,,,1168.98
2008-11-20,,,,1133.28
2008-11-21,,,,1133.04
2008-11-24,,,,1127.45
2008-11-25,,,,1116.79
2008-11-26,,,,1111.96
2008-11-28,,,,1111.02
2008-12-01,,,,1099.3
2008-12-02,,,,1081.62
2008-12-03,,,,1087.82
2008-12-04,,,,1111.7
2008-12-05,,,,1108.64
2008-12-08,,,,1112.08
2008-12-10,,,,1126.38
2008-12-11,,,,1145.4
2008-12-12,,,,1170.35
2008-12-15,,,,1209.12
2008-12-16,,,,1249.65
2008-12-17,,,,1208.03
2008-12-18,,,,1224.36
2008-12-19,,,,1230.74
2008-12-22,,,,1221.92
2008-12-23,,,,1188.02
2008-12-24,,,,1175.24
2008-12-26,,,,1164.59
2008-12-29,,,,1176.75
2008-12-30,,,,1201.51
2008-12-31,,,,1214.54
2009-01-01,,,,1248.99
2009-01-02,,,,1270.88
2009-01-05,,,,1291.01
2009-01-06,,,,1293.15
2009-01-07,,,,1203.84
2009-01-09,,,,1170.33
2009-01-12,,,,1152.3
2009-01-13,,,,1135.83
2009-01-14,,,,1152.75
2009-01-15,,,,1131.38
2009-01-16,,,,1135.5
2009-01-19,,,,1146.94
2009-01-20,,,,1139.48
2009-01-21,,,,1114.44
2009-01-22,,,,1095.48
2009-01-23,,,,1081.68
2009-01-27,,,,1087.95
2009-01-28,,,,1096
2009-01-29,,,,1096.21
2009-01-30,,,,1108.04
2009-02-02,,,,1090.95
2009-02-03,,,,1086.56
2009-02-04,,,,1084.9
2009-02-05,,,,1074.97
2009-02-06,,,,1090.51
2009-02-09,,,,1105.92
2009-02-10,,,,1110.26
2009-02-11,,,,1117.15
2009-02-12,,,,1119.53
2009-02-13,,,,1131.33
2009-02-16,,,,1101.95
2009-02-17,,,,1079.17
2009-02-18,,,,1075.13
2009-02-19,,,,1071.82
2009-02-20,,,,1054.19
2009-02-24,,,,1037.83
2009-02-25,,,,1040.65
2009-02-26,,,,1041.19
2009-02-27,,,,1036.28
2009-03-02,,,,1019.44
2009-03-03,,,,1008.5
2009-03-04,,,,1004.23
2009-03-05,,,,987.53
2009-03-06,,,,985.67
2009-03-09,,,,970.03
2009-03-12,,,,974
2009-03-13,,,,993.04
2009-03-16,,,,1016.02
2009-03-17,,,,1019.35
2009-03-18,,,,1038.63
2009-03-19,,,,1051.22
2009-03-20,,,,1049.01
2009-03-23,,,,1074.84
2009-03-24,,,,1067.7
2009-03-25,,,,1074.4
2009-03-26,,,,1084.37
2009-03-27,,,,1106.35
2009-03-30,,,,1097.61
2009-03-31,,,,1116.81
2009-04-01,,,,1145.62
2009-04-02,,,,1176.83
2009-04-06,,,,1211.69
2009-04-08,,,,1258
2009-04-09,,,,1277.57
2009-04-13,,,,1318.97
2009-04-15,,,,1384.03
2009-04-16,,,,1319
2009-04-17,,,,1328.01
2009-04-20,,,,1350.9
2009-04-21,,,,1358.57
2009-04-22,,,,1334.24
2009-04-23,,,,1343.1
2009-04-24,,,,1365.07
2009-04-27,,,,1353.77
2009-04-28,,,,1309.08
2009-04-29,,,,1326.09
2009-05-04,,,,1367.82
2009-05-05,,,,1395.55
2009-05-06,,,,1393.92
2009-05-07,,,,1431.18
2009-05-08,,,,1427.63
2009-05-11,,,,1404.02
2009-05-12,,,,1419.88
2009-05-13,,,,1414.69
2009-05-14,,,,1418.78
2009-05-15,,,,1428.24
2009-05-18,,,,1549.69
2009-05-19,,,,1595.49
2009-05-20,,,,1738.39
2009-05-21,,,,1779.73
2009-05-22,,,,1836.6
2009-05-25,,,,1917.14
2009-05-26,,,,1851.08
2009-05-27,,,,1918.92
2009-05-28,,,,1913.64
2009-05-29,,,,1968.77
2009-06-01,,,,2031.89
2009-06-02,,,,2060.64
2009-06-03,,,,2099.98
2009-06-04,,,,2138.47
2009-06-05,,,,2119.3
2009-06-08,,,,2003.12
2009-06-09,,,,2040.34
2009-06-10,,,,2049.36
2009-06-11,,,,2037.67
2009-06-12,,,,1990.83
2009-06-15,,,,1948.82
2009-06-16,,,,1984.26
2009-06-17,,,,1906.24
2009-06-18,,,,1836.24
2009-06-19,,,,1857.24
2009-06-22,,,,1847.65
2009-06-23,,,,1848.09
2009-06-24,,,,1888.92
2009-06-25,,,,1888.02
2009-06-26,,,,1923.02
2009-06-29,,,,1951.86
2009-06-30,,,,1902.39
2009-07-01,,,,1907.29
2009-07-02,,,,1919.27
2009-07-03,,,,1928.49
2009-07-06,,,,1848.42
2009-07-07,,,,1839.29
2009-07-08,,,,1775.23
2009-07-09,,,,1774.11
2009-07-10,,,,1744.01
2009-07-13,,,,1693.06
2009-07-14,,,,1760.79
2009-07-15,,,,1839.16
2009-07-16,,,,1850.84
2009-07-17,,,,1892.6
2009-07-20,,,,1941.72
2009-07-21,,,,1939.77
2009-07-22,,,,1924.45
2009-07-23,,,,1974.28
2009-07-24,,,,2007.92
2009-07-27,,,,2033.19
2009-07-28,,,,2063.1
2009-07-29,,,,2036
2009-07-30,,,,2052.97
2009-07-31,,,,2060.84
2009-08-03,,,,2085.26
2009-08-04,,,,2088.32
2009-08-05,,,,2104.4
2009-08-06,,,,2072.1
2009-08-07,,,,2029.43
2009-08-10,,,,1998.33
2009-08-11,,,,2012.43
2009-08-12,,,,2019.91
2009-08-13,,,,2098.23
2009-08-14,,,,2098.85
2009-08-17,,,,2034.6
2009-08-18,,,,2071.49
2009-08-19,,,,2062.7
2009-08-20,,,,2080.1
2009-08-21,,,,2110.01
2009-08-24,,,,2167.06
2009-08-25,,,,2187.9
2009-08-26,,,,2230.86
2009-08-27,,,,2241.31
2009-08-28,,,,2263.48
2009-08-31,,,,2276.27
2009-09-01,,,,2242.54
2009-09-02,,,,2235.52
2009-09-03,,,,2241.17
2009-09-04,,,,2264.18
2009-09-07,,,,2321.56
2009-09-08,,,,2319.91
2009-09-09,,,,2321.82
2009-09-10,,,,2309.29
2009-09-11,,,,2297.79
2009-09-14,,,,2298.22
2009-09-15,,,,2332.16
2009-09-16,,,,2350.87
2009-09-17,,,,2348.22
2009-09-18,,,,2361.01
2009-09-22,,,,2379.13
2009-09-23,,,,2343.4
2009-09-24,,,,2351.33
2009-09-25,,,,2375.54
2009-09-29,,,,2386.44
2009-09-30,,,,2411.07
2009-10-01,,,,2401.07
2009-10-05,,,,2354.43
2009-10-06,,,,2341.09
2009-10-07,,,,2353.89
2009-10-08,,,,2361.77
2009-10-09,,,,2345.3
2009-10-12,,,,2369.73
2009-10-14,,,,2413.97
2009-10-15,,,,2430.96
2009-10-16,,,,2446.08
2009-10-17,,,,2467.67
2009-10-20,,,,2468.04
2009-10-21,,,,2462.82
2009-10-22,,,,2414.38
2009-10-23,,,,2424.65
2009-10-26,,,,2387.67
2009-10-27,,,,2292.73
2009-10-28,,,,2283.4
2009-10-29,,,,2255.13
2009-10-30,,,,2245.04
2009-11-03,,,,2147.23
2009-11-04,,,,2194.3
2009-11-05,,,,2230.72
2009-11-06,,,,2282.56
2009-11-09,,,,2323.24
2009-11-10,,,,2318.37
2009-11-11,,,,2361.55
2009-11-12,,,,2351.07
2009-11-13,,,,2361.11
2009-11-16,,,,2385.51
2009-11-17,,,,2387.2
2009-11-18,,,,2400.27
2009-11-19,,,,2365.48
2009-11-20,,,,2385.15
2009-11-23,,,,2399.31
2009-11-24,,,,2405.62
2009-11-25,,,,2406.72
2009-11-26,,,,2383.56
2009-11-27,,,,2331.06
2009-11-30,,,,2379.16
2009-12-01,,,,2428.26
2009-12-02,,,,2449.49
2009-12-03,,,,2467.3
2009-12-04,,,,2475.65
2009-12-07,,,,2462.15
2009-12-08,,,,2489.83
2009-12-09,,,,2492.08
2009-12-10,,,,2511.13
2009-12-11,,,,2493.45
2009-12-14,,,,2485.64
2009-12-15,,,,2449.71
2009-12-16,,,,2459.26
2009-12-17,,,,2482.07
2009-12-18,,,,2477.63
2009-12-21,,,,2472.54
2009-12-22,,,,2490.16
2009-12-23,,,,2523.58
2009-12-24,,,,2535.44
2009-12-29,,,,2558.55
2009-12-30,,,,2587.9
2009-12-31,,,,2598.13
2010-01-04,,,,2637.08
2010-01-05,,,,2660.06
2010-01-06,,,,2677.49
2010-01-07,,,,2691.84
2010-01-08,,,,2700.49
2010-01-11,,,,2740.95
2010-01-12,,,,2713.97
2010-01-13,,,,2732.39
2010-01-14,,,,2764.66
2010-01-15,,,,2781.07
2010-01-18,,,,2799.43
2010-01-19,,,,2787.64
2010-01-20,,,,2793.34
2010-01-21,,,,2724.6
2010-01-22,,,,2697.11
2010-01-25,,,,2669.83
2010-01-27,,,,2553.39
2010-01-28,,,,2553.79
2010-01-29,,,,2581.02
2010-02-01,,,,2620.86
2010-02-02,,,,2596.04
2010-02-03,,,,2630.8
2010-02-04,,,,2589.61
2010-02-05,,,,2514.43
2010-02-06,,,,2554.44
2010-02-08,,,,2545.02
2010-02-09,,,,2560.64
2010-02-10,,,,2557.05
2010-02-11,,,,2580.48
2010-02-15,,,,2566.24
2010-02-16,,,,2576.01
2010-02-17,,,,2595.45
2010-02-18,,,,2584.61
2010-02-19,,,,2547.71
2010-02-22,,,,2528.06
2010-02-23,,,,2505.6
2010-02-24,,,,2494.6
2010-02-25,,,,2487.48
2010-02-26,,,,2514.07
2010-03-02,,,,2567.06
2010-03-03,,,,2597.09
2010-03-04,,,,2614.61
2010-03-05,,,,2630.53
2010-03-08,,,,2653.6
2010-03-09,,,,2630.79
2010-03-10,,,,2626.82
2010-03-11,,,,2616.28
2010-03-12,,,,2612.82
2010-03-15,,,,2587.3
2010-03-16,,,,2616.04
2010-03-17,,,,2619.65
2010-03-18,,,,2622.71
2010-03-19,,,,2632.25
2010-03-22,,,,2610.54
2010-03-23,,,,2618.41
2010-03-25,,,,2619.88
2010-03-26,,,,2626.99
2010-03-29,,,,2620.41
2010-03-30,,,,2641.1
2010-03-31,,,,2657.38
2010-04-01,,,,2701.67
2010-04-05,,,,2736.54
2010-04-06,,,,2743.98
2010-04-07,,,,2760.04
2010-04-08,,,,2751.4
2010-04-09,,,,2780.24
2010-04-12,,,,2786.82
2010-04-13,,,,2779.86
2010-04-15,,,,2778.82
2010-04-16,,,,2770.26
2010-04-19,,,,2724.25
2010-04-20,,,,2762.51
2010-04-21,,,,2794.08
2010-04-22,,,,2792.79
2010-04-23,,,,2805.66
2010-04-26,,,,2815.44
2010-04-27,,,,2814.77
2010-04-28,,,,2762.63
2010-04-29,,,,2791.77
2010-04-30,,,,2807.52
2010-05-03,,,,2794.29
2010-05-04,,,,2752.7
2010-05-05,,,,2745.62
2010-05-06,,,,2744.69
2010-05-07,,,,2667.96
2010-05-10,,,,2730.3
2010-05-11,,,,2707.66
2010-05-12,,,,2708.35
2010-05-13,,,,2728.97
2010-05-14,,,,2694.99
2010-05-17,,,,2678.92
2010-05-18,,,,2690.42
2010-05-19,,,,2628.08
2010-05-20,,,,2623.45
2010-05-21,,,,2587.05
2010-05-24,,,,2592.39
2010-05-25,,,,2512.07
2010-05-26,,,,2550.45
2010-05-27,,,,2573.11
2010-05-28,,,,2608.23
2010-05-31,,,,2634.36
2010-06-01,,,,2609.21
2010-06-02,,,,2624.58
2010-06-03,,,,2650.51
2010-06-04,,,,2650.97
2010-06-07,,,,2616.73
2010-06-08,,,,2595.73
2010-06-09,,,,2600.29
2010-06-10,,,,2633.23
2010-06-11,,,,2647.81
2010-06-14,,,,2677.4
2010-06-15,,,,2703.77
2010-06-16,,,,2711.85
2010-06-17,,,,2722.1
2010-06-18,,,,2706.57
2010-06-21,,,,2738.6
2010-06-22,,,,2740.81
2010-06-23,,,,2769.79
2010-06-24,,,,2776.22
2010-06-25,,,,2762.62
2010-06-28,,,,2790
2010-06-29,,,,2772.63
2010-06-30,,,,2787.13
2010-07-01,,,,2782.91
2010-07-02,,,,2790.04
2010-07-05,,,,2798.01
2010-07-06,,,,2815.85
2010-07-07,,,,2810.75
2010-07-08,,,,2823.38
2010-07-09,,,,2839.33
2010-07-12,,,,2858.11
2010-07-13,,,,2875.19
2010-07-14,,,,2864.66
2010-07-15,,,,2869.26
2010-07-16,,,,2883.24
2010-07-19,,,,2882.57
2010-07-20,,,,2871.32
2010-07-21,,,,2882.24
2010-07-22,,,,2891.59
2010-07-23,,,,2879.79
2010-07-26,,,,2854.58
2010-07-27,,,,2853.64
2010-07-28,,,,2846.77
2010-07-29,,,,2850.78
2010-07-30,,,,2854.86
2010-08-02,,,,2879.26
2010-08-03,,,,2891.9
2010-08-04,,,,2901.44
2010-08-05,,,,2905.89
2010-08-06,,,,2913.68
2010-08-09,,,,2952.8
2010-08-10,,,,2945.1
2010-08-11,,,,2935.48
2010-08-12,,,,2934.19
2010-08-13,,,,2957.24
2010-08-16,,,,2957.33
2010-08-17,,,,2975.63
2010-08-18,,,,2999.44
2010-08-19,,,,3032.39
2010-08-20,,,,3035.1
2010-08-23,,,,3055
2010-08-24,,,,3040.26
2010-08-25,,,,2993.04
2010-08-26,,,,2997.25
2010-08-27,,,,2966.61
2010-08-30,,,,2961.75
2010-08-31,,,,2937.1
2010-09-01,,,,2993.11
2010-09-02,,,,3011.86
2010-09-03,,,,3045.41
2010-09-06,,,,3092.73
2010-09-07,,,,3108.85
2010-09-08,,,,3122.11
2010-09-09,,,,3136.03
2010-09-13,,,,3151.03
2010-09-14,,,,3131.58
2010-09-15,,,,3132.56
2010-09-16,,,,3110.56
2010-09-17,,,,3146.91
2010-09-20,,,,3159.59
2010-09-21,,,,3120.97
2010-09-22,,,,3112.84
2010-09-23,,,,3107.66
2010-09-24,,,,3146.24
2010-09-27,,,,3149.36
2010-09-28,,,,3147.38
2010-09-29,,,,3136.28
2010-09-30,,,,3137.3
2010-10-01,,,,3187
2010-10-04,,,,3201.27
2010-10-05,,,,3231.41
2010-10-06,,,,3270.66
2010-10-07,,,,3240.22
2010-10-08,,,,3229.66
2010-10-11,,,,3272.05
2010-10-12,,,,3260.74
2010-10-13,,,,3295.22
2010-10-14,,,,3279.79
2010-10-15,,,,3246.9
2010-10-18,,,,3229.65
2010-10-19,,,,3235.67
2010-10-20,,,,3224.4
2010-10-21,,,,3261.57
2010-10-22,,,,3273.88
2010-10-25,,,,3314.42
2010-10-26,,,,3312.43
2010-10-27,,,,3295.73
2010-10-28,,,,3278.42
2010-10-29,,,,3249.48
2010-11-01,,,,3290.73
2010-11-02,,,,3301.36
2010-11-03,,,,3323.01
2010-11-04,,,,3338.29
2010-11-05,,,,3373.13
2010-11-08,,,,3374.69
2010-11-09,,,,3388.9
2010-11-10,,,,3405.23
2010-11-11,,,,3381.34
2010-11-12,,,,3301.73
2010-11-15,,,,3291.64
2010-11-16,,,,3204.86
2010-11-18,,,,3187.9
2010-11-19,,,,3124.54
2010-11-22,,,,3168.32
2010-11-23,,,,3117.28
2010-11-24,,,,3086.17
2010-11-25,,,,3035.44
2010-11-26,,,,2911.23
2010-11-29,,,,2912.1
2010-11-30,,,,2957.64
2010-12-01,,,,3040.67
2010-12-02,,,,3085.04
2010-12-03,,,,3004.55
2010-12-06,,,,2988.99
2010-12-07,,,,2948.24
2010-12-08,,,,2865.23
2010-12-09,,,,2719.2
2010-12-10,,,,2786.57
2010-12-13,,,,2846.84
2010-12-14,,,,2897.45
2010-12-15,,,,2862.08
2010-12-16,,,,2880.73
2010-12-20,,,,2893.85
2010-12-21,,,,2914.1
2010-12-22,,,,2923.81
2010-12-23,,,,2926.13
2010-12-24,,,,2934.93
2010-12-27,,,,2941.71
2010-12-28,,,,2951.33
2010-12-29,,,,2969.69
2010-12-30,,,,2985.09
2010-12-31,,,,3020.41
2011-01-03,,,,3053.67
2011-01-04,,,,3052.6
2011-01-05,,,,3014.79
2011-01-06,,,,2977.26
2011-01-07,,,,2895.09
2011-01-10,,,,2821.03
2011-01-11,,,,2796.8
2011-01-12,,,,2850.39
2011-01-13,,,,2835.1
2011-01-14,,,,2797.79
2011-01-17,,,,2764
2011-01-18,,,,2773.77
2011-01-19,,,,2782.6
2011-01-20,,,,2783.19
2011-01-21,,,,2794.89
2011-01-24,,,,2818.15
2011-01-25,,,,2797.31
2011-01-27,,,,2748.14
2011-01-28,,,,2667.25
2011-01-31,,,,2650.71
2011-02-01,,,,2614.47
2011-02-02,,,,2615.53
2011-02-03,,,,2652.04
2011-02-04,,,,2616.37
2011-02-07,,,,2597.21
2011-02-08,,,,2532.86
2011-02-09,,,,2423.91
2011-02-10,,,,2409.79
2011-02-11,,,,2479.76
2011-02-14,,,,2579.48
2011-02-15,,,,2589.23
2011-02-16,,,,2607.63
2011-02-17,,,,2636
2011-02-18,,,,2591.51
2011-02-21,,,,2585.97
2011-02-22,,,,2570.76
2011-02-23,,,,2564.83
2011-02-24,,,,2487.83
2011-02-25,,,,2478.31
2011-02-28,,,,2489
2011-03-01,,,,2558.42
2011-03-03,,,,2554.06
2011-03-04,,,,2551.33
2011-03-07,,,,2517.47
2011-03-08,,,,2541.44
2011-03-09,,,,2559.13
2011-03-10,,,,2552.63
2011-03-11,,,,2528.56
2011-03-14,,,,2537.54
2011-03-15,,,,2497.89
2011-03-16,,,,2533.89
2011-03-17,,,,2524.33
2011-03-18,,,,2506.77
2011-03-21,,,,2500.16
2011-03-22,,,,2516.01
2011-03-23,,,,2535.78
2011-03-24,,,,2556.69
2011-03-25,,,,2593.55
2011-03-28,,,,2598.3
2011-03-29,,,,2600.92
2011-03-30,,,,2644.09
2011-03-31,,,,2649.12
2011-04-01,,,,2699.65
2011-04-04,,,,2764.87
2011-04-05,,,,2797.23
2011-04-06,,,,2818.87
2011-04-07,,,,2843.39
2011-04-08,,,,2805.88
2011-04-11,,,,2786.37
2011-04-13,,,,2825.22
2011-04-15,,,,2817
2011-04-18,,,,2779.41
2011-04-19,,,,2785.46
2011-04-20,,,,2822.1
2011-04-21,,,,2822.66
2011-04-25,,,,2816.73
2011-04-26,,,,2824.39
2011-04-27,,,,2817.31
2011-04-28,,,,2802.15
2011-04-29,,,,2769.75
2011-05-02,,,,2731.97
2011-05-03,,,,2682.92
2011-05-04,,,,2669.41
2011-05-05,,,,2641.81
2011-05-06,,,,2663.79
2011-05-09,,,,2666.96
2011-05-10,,,,2671.21
2011-05-11,,,,2693.81
2011-05-12,,,,2666.6
2011-05-13,,,,2691.71
2011-05-16,,,,2666.92
2011-05-17,,,,2650.28
2011-05-18,,,,2632.1
2011-05-19,,,,2618
2011-05-20,,,,2635.72
2011-05-23,,,,2598.13
2011-05-24,,,,2598.42
2011-05-25,,,,2586.31
2011-05-26,,,,2590.77
2011-05-27,,,,2622.65
2011-05-30,,,,2642
2011-05-31,,,,2678.73
2011-06-01,,,,2693.76
2011-06-02,,,,2681.94
2011-06-03,,,,2674.59
2011-06-06,,,,2678.35
2011-06-07,,,,2695.15
2011-06-08,,,,2697.83
2011-06-09,,,,2695.1
2011-06-10,,,,2685.88
2011-06-13,,,,2690.11
2011-06-14,,,,2703.18
2011-06-15,,,,2687.66
2011-06-16,,,,2665.99
2011-06-17,,,,2642
2011-06-20,,,,2558.9
2011-06-21,,,,2549.83
2011-06-22,,,,2527.57
2011-06-23,,,,2527.76
2011-06-24,,,,2577.38
2011-06-27,,,,2598.49
2011-06-28,,,,2613.17
2011-06-29,,,,2640.87
2011-06-30,,,,2653.52
2011-07-01,,,,2665.41
2011-07-04,,,,2693.73
2011-07-05,,,,2700.76
2011-07-06,,,,2707.53
2011-07-07,,,,2734.03
2011-07-08,,,,2711.38
2011-07-11,,,,2701.63
2011-07-12,,,,2671.67
2011-07-13,,,,2704.57
2011-07-14,,,,2710.47
2011-07-15,,,,2713.97
2011-07-18,,,,2713.96
2011-07-19,,,,2731.2
2011-07-20,,,,2716.86
2011-07-21,,,,2706.28
2011-07-22,,,,2733.67
2011-07-25,,,,2743.52
2011-07-26,,,,2722.36
2011-07-27,,,,2728.27
2011-07-28,,,,2705.9
2011-07-29,,,,2691.99
2011-08-01,,,,2685.75
2011-08-02,,,,2645.62
2011-08-03,,,,2637.96
2011-08-04,,,,2620.17
2011-08-05,,,,2549.12
2011-08-08,,,,2492.33
2011-08-09,,,,2449.04
2011-08-10,,,,2509.22
2011-08-11,,,,2501.63
2011-08-12,,,,2493.97
2011-08-16,,,,2457.52
2011-08-17,,,,2431.88
2011-08-18,,,,2376.12
2011-08-19,,,,2338.58
2011-08-22,,,,2374.41
2011-08-23,,,,2402.06
2011-08-24,,,,2391.67
2011-08-25,,,,2374.51
2011-08-26,,,,2321.44
2011-08-29,,,,2376.36
2011-08-30,,,,2410.93
2011-09-02,,,,2427.15
2011-09-05,,,,2432.72
2011-09-06,,,,2455.06
2011-09-07,,,,2483.73
2011-09-08,,,,2495.77
2011-09-09,,,,2476.81
2011-09-12,,,,2433.79
2011-09-13,,,,2436.66
2011-09-14,,,,2449.97
2011-09-15,,,,2461.61
2011-09-16,,,,2464.54
2011-09-19,,,,2460.66
2011-09-20,,,,2490.94
2011-09-21,,,,2519.48
2011-09-22,,,,2442.62
2011-09-23,,,,2422.51
2011-09-26,,,,2388.96
2011-09-27,,,,2432.39
2011-09-28,,,,2409.14
2011-09-29,,,,2404.4
2011-09-30,,,,2394.72
2011-10-03,,,,2356.7
2011-10-04,,,,2330.74
2011-10-05,,,,2304.41
2011-10-07,,,,2340.18
2011-10-10,,,,2362.81
2011-10-11,,,,2370.73
2011-10-12,,,,2402.25
2011-10-13,,,,2402.59
2011-10-14,,,,2415.45
2011-10-17,,,,2421.64
2011-10-18,,,,2395.58
2011-10-19,,,,2422.01
2011-10-20,,,,2408.81
2011-10-21,,,,2398.6
2011-10-24,,,,2388.36
2011-10-25,,,,2390.09
2011-10-26,,,,2420.17
2011-10-28,,,,2453.59
2011-10-31,,,,2462.83
2011-11-01,,,,2450.71
2011-11-02,,,,2447
2011-11-03,,,,2441.93
2011-11-04,,,,2457.96
2011-11-08,,,,2461.14
2011-11-09,,,,2432.42
2011-11-11,,,,2394
2011-11-14,,,,2351.98
2011-11-15,,,,2285.62
2011-11-16,,,,2261.12
2011-11-17,,,,2233.23
2011-11-18,,,,2208.37
2011-11-21,,,,2168.24
2011-11-22,,,,2166.87
2011-11-23,,,,2123.24
2011-11-24,,,,2144.53
2011-11-25,,,,2157.5
2011-11-28,,,,2190.79
2011-11-29,,,,2178.73
2011-11-30,,,,2153.05
2011-12-01,,,,2170.02
2011-12-02,,,,2192.85
2011-12-05,,,,2195.88
2011-12-07,,,,2201.46
2011-12-08,,,,2159.17
2011-12-09,,,,2142.94
2011-12-12,,,,2102.98
2011-12-13,,,,2089.3
2011-12-14,,,,2068.47
2011-12-15,,,,2038.97
2011-12-16,,,,1997.25
2011-12-19,,,,1952.64
2011-12-20,,,,1917.44
2011-12-21,,,,1939.05
2011-12-22,,,,1948.09
2011-12-23,,,,1953.28
2011-12-26,,,,1972.02
2011-12-27,,,,1960.31
2011-12-28,,,,1935.85
2011-12-29,,,,1928.15
2011-12-30,,,,1932.06
2012-01-02,,,,1936.12
2012-01-03,,,,1982.23
2012-01-04,,,,1980.16
2012-01-05,,,,1979.59
2012-01-06,,,,1979.25
2012-01-07,,,,1998.78
2012-01-09,,,,2016.76
2012-01-10,,,,2065.05
2012-01-11,,,,2092.1
2012-01-12,,,,2093.48
2012-01-13,,,,2128.3
2012-01-16,,,,2130.02
2012-01-17,,,,2157.67
2012-01-18,,,,2138.69
2012-01-19,,,,2166.19
2012-01-20,,,,2166.13
2012-01-23,,,,2162.87
2012-01-24,,,,2186.27
2012-01-25,,,,2216.16
2012-01-27,,,,2235.67
2012-01-30,,,,2191.73
2012-01-31,,,,2231.76
2012-02-01,,,,2264.65
2012-02-02,,,,2287.07
2012-02-03,,,,2313.38
2012-02-06,,,,2340.66
2012-02-07,,,,2335.52
2012-02-08,,,,2370.88
2012-02-09,,,,2404.6
2012-02-10,,,,2411.61
2012-02-13,,,,2417.07
2012-02-14,,,,2447
2012-02-15,,,,2479.84
2012-02-16,,,,2502.66
2012-02-17,,,,2499.21
2012-02-21,,,,2523.71
2012-02-22,,,,2435.38
2012-02-23,,,,2417.25
2012-02-24,,,,2401.36
2012-02-27,,,,2326.66
2012-02-28,,,,2390.64
2012-02-29,,,,2409.86
2012-03-01,,,,2399.28
2012-03-02,,,,2398.82
2012-03-03,,,,2404.35
2012-03-05,,,,2380.96
2012-03-06,,,,2350.7
2012-03-07,,,,2346.91
2012-03-09,,,,2391.6
2012-03-12,,,,2407.23
2012-03-13,,,,2435.52
2012-03-14,,,,2432.83
2012-03-15,,,,2404.16
2012-03-16,,,,2382.92
2012-03-19,,,,2364
2012-03-20,,,,2375.77
2012-03-21,,,,2410.39
2012-03-22,,,,2367.3
2012-03-23,,,,2376.21
2012-03-26,,,,2343.89
2012-03-27,,,,2342.56
2012-03-28,,,,2324.47
2012-03-29,,,,2330.22
2012-03-30,,,,2384.55
2012-04-02,,,,2414.9
2012-04-03,,,,2442.57
2012-04-04,,,,2439.58
2012-04-09,,,,2409.97
2012-04-10,,,,2410.89
2012-04-11,,,,2402.63
2012-04-12,,,,2424.91
2012-04-13,,,,2406.24
2012-04-16,,,,2423.65
2012-04-17,,,,2441.52
2012-04-18,,,,2445.51
2012-04-19,,,,2448.25
2012-04-20,,,,2428.24
2012-04-23,,,,2387.85
2012-04-24,,,,2380.97
2012-04-25,,,,2366.93
2012-04-26,,,,2357.65
2012-04-27,,,,2353.6
2012-04-28,,,,2360.14
2012-04-30,,,,2380.95
2012-05-02,,,,2381.97
2012-05-03,,,,2357.33
2012-05-04,,,,2313.44
2012-05-07,,,,2323.13
2012-05-08,,,,2290.58
2012-05-09,,,,2259.41
2012-05-10,,,,2259.71
2012-05-11,,,,2239.52
2012-05-14,,,,2205.75
2012-05-15,,,,2219.3
2012-05-16,,,,2194.84
2012-05-17,,,,2199.01
2012-05-18,,,,2198.13
2012-05-21,,,,2216.57
2012-05-22,,,,2202.99
2012-05-23,,,,2190.14
2012-05-24,,,,2203.63
2012-05-25,,,,2211.69
2012-05-28,,,,2229.57
2012-05-29,,,,2228.9
2012-05-30,,,,2206.88
2012-05-31,,,,2202.21
2012-06-01,,,,2172.17
2012-06-04,,,,2168.35
2012-06-05,,,,2175.56
2012-06-06,,,,2215.93
2012-06-07,,,,2231.91
2012-06-08,,,,2238.64
2012-06-11,,,,2235.81
2012-06-12,,,,2245.55
2012-06-13,,,,2248.38
2012-06-14,,,,2227.67
2012-06-15,,,,2240.22
2012-06-18,,,,2215.77
2012-06-19,,,,2221.93
2012-06-20,,,,2240.58
2012-06-21,,,,2262.73
2012-06-22,,,,2265.41
2012-06-25,,,,2267.63
2012-06-26,,,,2265.24
2012-06-27,,,,2272.59
2012-06-28,,,,2277.35
2012-06-29,,,,2317.43
2012-07-02,,,,2335.67
2012-07-03,,,,2348.44
2012-07-04,,,,2370.49
2012-07-05,,,,2408.22
2012-07-06,,,,2397.05
2012-07-09,,,,2367.49
2012-07-10,,,,2391.38
2012-07-11,,,,2386
2012-07-12,,,,2369.29
2012-07-13,,,,2373.43
2012-07-16,,,,2356.77
2012-07-17,,,,2336.74
2012-07-18,,,,2345.98
2012-07-19,,,,2355.2
2012-07-20,,,,2348.86
2012-07-23,,,,2318.13
2012-07-24,,,,2319.63
2012-07-25,,,,2306.12
2012-07-26,,,,2257.09
2012-07-27,,,,2231.13
2012-07-30,,,,2261.4
2012-07-31,,,,2275.62
2012-08-01,,,,2300.53
2012-08-02,,,,2309.8
2012-08-03,,,,2303.87
2012-08-06,,,,2319.54
2012-08-07,,,,2327.25
2012-08-08,,,,2320.06
2012-08-09,,,,2314.59
2012-08-10,,,,2310.18
2012-08-13,,,,2320.16
2012-08-14,,,,2333.02
2012-08-16,,,,2338.72
2012-08-17,,,,2337.69
2012-08-21,,,,2343.77
2012-08-22,,,,2336.79
2012-08-23,,,,2339.33
2012-08-24,,,,2327.03
2012-08-27,,,,2301.66
2012-08-28,,,,2274.97
2012-08-29,,,,2255.02
2012-08-30,,,,2259.19
2012-08-31,,,,2258.55
2012-09-03,,,,2265.27
2012-09-04,,,,2276.09
2012-09-05,,,,2270.53
2012-09-06,,,,2280.81
2012-09-07,,,,2304.71
2012-09-08,,,,2317.34
2012-09-10,,,,2327.23
2012-09-11,,,,2338.82
2012-09-12,,,,2350.21
2012-09-13,,,,2342.89
2012-09-14,,,,2358.67
2012-09-17,,,,2381.7
2012-09-18,,,,2401.04
2012-09-20,,,,2383.22
2012-09-21,,,,2417.56
2012-09-24,,,,2433.19
2012-09-25,,,,2447.8
2012-09-26,,,,2455.14
2012-09-27,,,,2461.84
2012-09-28,,,,2489.23
2012-10-01,,,,2523.78
2012-10-03,,,,2547.6
2012-10-04,,,,2562.19
2012-10-05,,,,2540.1
2012-10-08,,,,2525.33
2012-10-09,,,,2538.94
2012-10-10,,,,2496.13
2012-10-11,,,,2523.62
2012-10-12,,,,2523.18
2012-10-15,,,,2530.72
2012-10-16,,,,2514.99
2012-10-17,,,,2517.3
2012-10-18,,,,2547.6
2012-10-19,,,,2531.36
2012-10-22,,,,2527
2012-10-23,,,,2522.62
2012-10-25,,,,2523.62
2012-10-26,,,,2492.71
2012-10-29,,,,2487.02
2012-10-30,,,,2458.98
2012-10-31,,,,2477.3
2012-11-01,,,,2493.93
2012-11-02,,,,2501.84
2012-11-05,,,,2495.82
2012-11-06,,,,2516.87
2012-11-07,,,,2533.18
2012-11-08,,,,2532.34
2012-11-09,,,,2509.7
2012-11-12,,,,2521.39
2012-11-13,,,,2544.42
2012-11-15,,,,2552.74
2012-11-16,,,,2525.38
2012-11-19,,,,2504.32
2012-11-20,,,,2480.84
2012-11-21,,,,2486.46
2012-11-22,,,,2494.02
2012-11-23,,,,2502.38
2012-11-26,,,,2523.01
2012-11-27,,,,2549.88
2012-11-29,,,,2573.15
2012-11-30,,,,2606.58
2012-12-03,,,,2639.86
2012-12-04,,,,2640.84
2012-12-05,,,,2651.77
2012-12-06,,,,2671.88
2012-12-07,,,,2672.49
2012-12-10,,,,2689.33
2012-12-11,,,,2658.98
2012-12-12,,,,2663.96
2012-12-13,,,,2626.04
2012-12-14,,,,2635.61
2012-12-17,,,,2654.83
2012-12-18,,,,2676.34
2012-12-19,,,,2689.47
2012-12-20,,,,2680
2012-12-21,,,,2635.73
2012-12-24,,,,2647.81
2012-12-26,,,,2663.92
2012-12-27,,,,2648.37
2012-12-28,,,,2657.1
2012-12-31,,,,2669.86
2013-01-01,,,,2704.58
2013-01-02,,,,2726.57
2013-01-03,,,,2746.85
2013-01-04,,,,2760.14
2013-01-07,,,,2769.03
2013-01-08,,,,2762.13
2013-01-09,,,,2753.32
2013-01-10,,,,2744.56
2013-01-11,,,,2706.31
2013-01-14,,,,2731.36
2013-01-15,,,,2736.31
2013-01-16,,,,2697.18
2013-01-17,,,,2697.47
2013-01-18,,,,2694.24
2013-01-21,,,,2695.63
2013-01-22,,,,2668.86
2013-01-23,,,,2639.01
2013-01-24,,,,2573.08
2013-01-25,,,,2606.81
2013-01-28,,,,2610.61
2013-01-29,,,,2590.47
2013-01-30,,,,2589.75
2013-01-31,,,,2593.97
2013-02-01,,,,2589.35
2013-02-04,,,,2561.32
2013-02-05,,,,2545.32
2013-02-06,,,,2548.28
2013-02-07,,,,2517.51
2013-02-08,,,,2492.75
2013-02-11,,,,2490.29
2013-02-12,,,,2479.08
2013-02-13,,,,2470.35
2013-02-14,,,,2432.26
2013-02-15,,,,2421.95
2013-02-18,,,,2434.34
2013-02-19,,,,2461.75
2013-02-20,,,,2467.39
2013-02-21,,,,2428
2013-02-22,,,,2429.64
2013-02-25,,,,2402.91
2013-02-26,,,,2352.66
2013-02-27,,,,2366.89
2013-02-28,,,,2316.34
2013-03-01,,,,2314.7
2013-03-04,,,,2274.15
2013-03-05,,,,2309.8
2013-03-06,,,,2343.02
2013-03-07,,,,2354.46
2013-03-08,,,,2375.68
2013-03-11,,,,2385.61
2013-03-12,,,,2374.82
2013-03-13,,,,2345.61
2013-03-14,,,,2346.46
2013-03-15,,,,2325.32
2013-03-18,,,,2316.19
2013-03-19,,,,2279.59
2013-03-20,,,,2233.29
2013-03-21,,,,2204.62
2013-03-22,,,,2192.63
2013-03-25,,,,2186.45
2013-03-26,,,,2192.37
2013-03-28,,,,2224.03
2013-04-01,,,,2265.38
2013-04-02,,,,2309.32
2013-04-03,,,,2295.46
2013-04-04,,,,2245.57
2013-04-05,,,,2240.53
2013-04-08,,,,2241.99
2013-04-09,,,,2220.3
2013-04-10,,,,2230.09
2013-04-11,,,,2240.13
2013-04-12,,,,2234.18
2013-04-15,,,,2246.04
2013-04-16,,,,2263.32
2013-04-17,,,,2268.35
2013-04-18,,,,2285.04
2013-04-22,,,,2307.66
2013-04-23,,,,2310.64
2013-04-25,,,,2311.64
2013-04-26,,,,2292.16
2013-04-29,,,,2304.62
2013-04-30,,,,2309.29
2013-05-02,,,,2322.11
2013-05-03,,,,2313.4
2013-05-06,,,,2343.22
2013-05-07,,,,2359.32
2013-05-08,,,,2378.11
2013-05-09,,,,2367.61
2013-05-10,,,,2367.46
2013-05-11,,,,2372.98
2013-05-13,,,,2337.21
2013-05-14,,,,2332.43
2013-05-15,,,,2368.49
2013-05-16,,,,2373.6
2013-05-17,,,,2381.41
2013-05-20,,,,2374.3
2013-05-21,,,,2355.25
2013-05-22,,,,2330.96
2013-05-23,,,,2280.27
2013-05-24,,,,2291.07
2013-05-27,,,,2316.04
2013-05-28,,,,2325.32
2013-05-29,,,,2313.05
2013-05-30,,,,2306.7
2013-05-31,,,,2264.23
2013-06-03,,,,2265.83
2013-06-04,,,,2272.08
2013-06-05,,,,2276
2013-06-06,,,,2283.68
2013-06-07,,,,2275.08
2013-06-10,,,,2253.42
2013-06-11,,,,2209.07
2013-06-12,,,,2194.27
2013-06-13,,,,2159
2013-06-14,,,,2183.2
2013-06-17,,,,2187.85
2013-06-18,,,,2190.68
2013-06-19,,,,2203.95
2013-06-20,,,,2158.16
2013-06-21,,,,2132.64
2013-06-24,,,,2085.54
2013-06-25,,,,2074.61
2013-06-26,,,,2056.98
2013-06-27,,,,2064.45
2013-06-28,,,,2107.11
2013-07-01,,,,2146.99
2013-07-02,,,,2142.96
2013-07-03,,,,2098.7
2013-07-04,,,,2109.36
2013-07-05,,,,2114.35
2013-07-08,,,,2109.85
2013-07-09,,,,2127.73
2013-07-10,,,,2127.95
2013-07-11,,,,2146.12
2013-07-12,,,,2145.99
2013-07-15,,,,2160.32
2013-07-16,,,,2135.21
2013-07-17,,,,2126.17
2013-07-18,,,,2142.34
2013-07-19,,,,2130.73
2013-07-22,,,,2123.43
2013-07-23,,,,2124.91
2013-07-24,,,,2089.22
2013-07-25,,,,2070.67
2013-07-26,,,,2053.46
2013-07-29,,,,2023.91
2013-07-30,,,,1977.45
2013-07-31,,,,1952.73
2013-08-01,,,,1928.08
2013-08-02,,,,1907.66
2013-08-05,,,,1917.92
2013-08-06,,,,1874.71
2013-08-07,,,,1901.89
2013-08-08,,,,1925.97
2013-08-12,,,,1957.03
2013-08-13,,,,1980.68
2013-08-14,,,,1987.24
2013-08-16,,,,1933.25
2013-08-19,,,,1911.56
2013-08-20,,,,1914.52
2013-08-21,,,,1897.9
2013-08-22,,,,1908.92
2013-08-23,,,,1931.84
2013-08-26,,,,1939.54
2013-08-27,,,,1900.23
2013-08-28,,,,1880.08
2013-08-29,,,,1898.99
2013-08-30,,,,1902.25
2013-09-02,,,,1926.21
2013-09-03,,,,1901.27
2013-09-04,,,,1914.36
2013-09-05,,,,1948.65
2013-09-06,,,,1958.12
2013-09-10,,,,1979.93
2013-09-11,,,,2006.8
2013-09-12,,,,2001.8
2013-09-13,,,,2013.65
2013-09-16,,,,1995.86
2013-09-17,,,,1994.63
2013-09-18,,,,1998.05
2013-09-19,,,,2026.94
2013-09-20,,,,1998.72
2013-09-23,,,,1990.29
2013-09-24,,,,1990.03
2013-09-25,,,,1991.26
2013-09-26,,,,1997.33
2013-09-27,,,,2000.26
2013-09-30,,,,1989.86
2013-10-01,,,,1999.4
2013-10-03,,,,2022.69
2013-10-04,,,,2032.73
2013-10-07,,,,2043.58
2013-10-08,,,,2057.08
2013-10-09,,,,2077.49
2013-10-10,,,,2096.91
2013-10-11,,,,2109.1
2013-10-14,,,,2126.75
2013-10-15,,,,2098.4
2013-10-17,,,,2102.19
2013-10-18,,,,2117.49
2013-10-21,,,,2142.16
2013-10-22,,,,2165.72
2013-10-23,,,,2156.46
2013-10-24,,,,2158.91
2013-10-25,,,,2145.85
2013-10-28,,,,2134.86
2013-10-29,,,,2154.7
2013-10-30,,,,2166.86
2013-10-31,,,,2185.38
2013-11-01,,,,2210.88
2013-11-03,,,,2244.09
2013-11-05,,,,2259.67
2013-11-06,,,,2270.09
2013-11-07,,,,2241.97
2013-11-08,,,,2236.6
2013-11-11,,,,2208.9
2013-11-12,,,,2190.04
2013-11-13,,,,2177.69
2013-11-14,,,,2208.01
2013-11-18,,,,2231.54
2013-11-19,,,,2240.86
2013-11-20,,,,2246.77
2013-11-21,,,,2220.84
2013-11-22,,,,2226.05
2013-11-25,,,,2250.69
2013-11-26,,,,2234.78
2013-11-27,,,,2237.95
2013-11-28,,,,2260.83
2013-11-29,,,,2286.37
2013-12-02,,,,2312.17
2013-12-03,,,,2317.66
2013-12-04,,,,2312.2
2013-12-05,,,,2316.61
2013-12-06,,,,2323.16
2013-12-09,,,,2331
2013-12-10,,,,2313.52
2013-12-11,,,,2316.11
2013-12-12,,,,2311.87
2013-12-13,,,,2285.4
2013-12-16,,,,2293.46
2013-12-17,,,,2291.92
2013-12-18,,,,2322.8
2013-12-19,,,,2320.12
2013-12-20,,,,2362.11
2013-12-23,,,,2393.04
2013-12-24,,,,2412.03
2013-12-26,,,,2438.43
2013-12-27,,,,2441.18
2013-12-30,,,,2439.95
2013-12-31,,,,2452.55
2014-01-01,,,,2485.39
2014-01-02,,,,2430
2014-01-03,,,,2449.98
2014-01-06,,,,2475.4
2014-01-07,,,,2476.3
2014-01-08,,,,2487.44
2014-01-09,,,,2470.18
2014-01-10,,,,2452.85
2014-01-13,,,,2456.72
2014-01-14,,,,2454.19
2014-01-15,,,,2458.21
2014-01-16,,,,2449.27
2014-01-17,,,,2403.11
2014-01-20,,,,2424.86
2014-01-21,,,,2440.15
2014-01-22,,,,2450.02
2014-01-23,,,,2440.04
2014-01-24,,,,2395.25
2014-01-27,,,,2331.8
2014-01-28,,,,2340.84
2014-01-29,,,,2337.72
2014-01-30,,,,2304.4
2014-01-31,,,,2340.32
2014-02-03,,,,2325.82
2014-02-04,,,,2335.75
2014-02-05,,,,2353.1
2014-02-06,,,,2347.63
2014-02-07,,,,2358.64
2014-02-10,,,,2356.44
2014-02-11,,,,2365.38
2014-02-12,,,,2370.72
2014-02-13,,,,2345.59
2014-02-14,,,,2346.19
2014-02-17,,,,2343.86
2014-02-18,,,,2371.81
2014-02-19,,,,2391.74
2014-02-20,,,,2389.26
2014-02-21,,,,2409.56
2014-02-24,,,,2418.19
2014-02-25,,,,2426.46
2014-02-26,,,,2429.97
2014-02-28,,,,2440.37
2014-03-03,,,,2440.3
2014-03-04,,,,2474.02
2014-03-05,,,,2487.81
2014-03-06,,,,2522.69
2014-03-07,,,,2514.8
2014-03-10,,,,2522.41
2014-03-11,,,,2525
2014-03-12,,,,2524.4
2014-03-13,,,,2503.41
2014-03-14,,,,2495.7
2014-03-18,,,,2525.31
2014-03-19,,,,2537.11
2014-03-20,,,,2539.16
2014-03-21,,,,2565.66
2014-03-22,,,,2578.96
2014-03-24,,,,2579.49
2014-03-25,,,,2591.51
2014-03-26,,,,2597.26
2014-03-27,,,,2617.35
2014-03-28,,,,2655.87
2014-03-31,,,,2682.37
2014-04-01,,,,2688.27
2014-04-02,,,,2733.64
2014-04-03,,,,2725.83
2014-04-04,,,,2743.33
2014-04-07,,,,2745.91
2014-04-09,,,,2802.59
2014-04-10,,,,2822.1
2014-04-11,,,,2839.42
2014-04-15,,,,2828.04
2014-04-16,,,,2787.52
2014-04-17,,,,2830.21
2014-04-21,,,,2870
2014-04-22,,,,2871.97
2014-04-23,,,,2879.88
2014-04-25,,,,2871.62
2014-04-28,,,,2878.42
2014-04-29,,,,2873.3
2014-04-30,,,,2829
2014-05-02,,,,2845.07
2014-05-05,,,,2837.33
2014-05-06,,,,2850.27
2014-05-07,,,,2847.25
2014-05-08,,,,2864.5
2014-05-09,,,,2896.78
2014-05-12,,,,2915.8
2014-05-13,,,,2974.18
2014-05-14,,,,3001.98
2014-05-15,,,,2974.48
2014-05-16,,,,3019.5
2014-05-19,,,,3202.41
2014-05-20,,,,3292.46
2014-05-21,,,,3346.07
2014-05-22,,,,3445.9
2014-05-23,,,,3515.99
2014-05-26,,,,3428.54
2014-05-27,,,,3403.36
2014-05-28,,,,3438.89
2014-05-29,,,,3423.89
2014-05-30,,,,3436.17
2014-06-02,,,,3514.97
2014-06-03,,,,3560.37
2014-06-04,,,,3636.07
2014-06-05,,,,3684.47
2014-06-06,,,,3738.88
2014-06-09,,,,3826.32
2014-06-10,,,,3818.01
2014-06-11,,,,3788.25
2014-06-12,,,,3795.98
2014-06-13,,,,3683.37
2014-06-16,,,,3698.36
2014-06-17,,,,3774.45
2014-06-18,,,,3760.88
2014-06-19,,,,3749.27
2014-06-20,,,,3719.59
2014-06-23,,,,3736.88
2014-06-24,,,,3802.02
2014-06-25,,,,3815.36
2014-06-26,,,,3802.65
2014-06-27,,,,3813.74
2014-06-30,,,,3885.8
2014-07-01,,,,3918.71
2014-07-02,,,,3966.49
2014-07-03,,,,3948.17
2014-07-04,,,,3979.8
2014-07-07,,,,3987.3
2014-07-08,,,,3827.03
2014-07-09,,,,3755.56
2014-07-10,,,,3788.13
2014-07-11,,,,3673.95
2014-07-14,,,,3655.53
2014-07-15,,,,3733.95
2014-07-16,,,,3806.5
2014-07-17,,,,3863
2014-07-18,,,,3863.78
2014-07-21,,,,3892.19
2014-07-22,,,,3888.27
2014-07-23,,,,3865.05
2014-07-24,,,,3864.09
2014-07-25,,,,3794.33
2014-07-28,,,,3769.21
2014-07-30,,,,3769.68
2014-07-31,,,,3777.77
2014-08-01,,,,3738.19
2014-08-04,,,,3778.43
2014-08-05,,,,3821.55
2014-08-06,,,,3807.34
2014-08-07,,,,3788.33
2014-08-08,,,,3700.78
2014-08-11,,,,3722.29
2014-08-12,,,,3743.16
2014-08-13,,,,3655.91
2014-08-14,,,,3702.02
2014-08-18,,,,3790.52
2014-08-19,,,,3841.37
2014-08-20,,,,3850.81
2014-08-21,,,,3856.24
2014-08-22,,,,3857.54
2014-08-25,,,,3833.41
2014-08-26,,,,3809.37
2014-08-27,,,,3837.42
2014-08-28,,,,3834.32
2014-09-01,,,,3889.9
2014-09-02,,,,3932.79
2014-09-03,,,,3958.53
2014-09-04,,,,3941.15
2014-09-05,,,,3964.42
2014-09-08,,,,4026.46
2014-09-09,,,,4048.09
2014-09-10,,,,4066.94
2014-09-11,,,,4123.89
2014-09-12,,,,4144.69
2014-09-15,,,,4155.49
2014-09-16,,,,3995.56
2014-09-17,,,,3999.55
2014-09-18,,,,4099.32
2014-09-19,,,,4136.26
2014-09-22,,,,4154.07
2014-09-23,,,,4054.08
2014-09-24,,,,3979.35
2014-09-25,,,,3844.58
2014-09-26,,,,3865.19
2014-09-29,,,,3938.08
2014-09-30,,,,3948.94
2014-10-01,,,,3929.51
2014-10-07,,,,3889.68
2014-10-08,,,,3881.29
2014-10-09,,,,3950.29
2014-10-10,,,,3900.71
2014-10-13,,,,3924.96
2014-10-14,,,,3926.73
2014-10-16,,,,3807.87
2014-10-17,,,,3812.9
2014-10-20,,,,3842.71
2014-10-21,,,,3864.18
2014-10-22,,,,3911.58
2014-10-23,,,,3954.49
2014-10-27,,,,3930.3
2014-10-28,,,,3943.34
2014-10-29,,,,3976.06
2014-10-30,,,,4001.56
2014-10-31,,,,4054.31
2014-11-03,,,,4106.37
2014-11-05,,,,4113.01
2014-11-07,,,,4110.58
2014-11-10,,,,4110.3
2014-11-11,,,,4140.78
2014-11-12,,,,4148.72
2014-11-13,,,,4137.2
2014-11-14,,,,4159.49
2014-11-17,,,,4213.26
2014-11-18,,,,4233.63
2014-11-19,,,,4198.66
2014-11-20,,,,4184.07
2014-11-21,,,,4165.99
2014-11-24,,,,4158.49
2014-11-25,,,,4072.43
2014-11-26,,,,4103.06
2014-11-27,,,,4113.78
2014-11-28,,,,4128.37
2014-12-01,,,,4094.11
2014-12-02,,,,4124.55
2014-12-03,,,,4187.85
2014-12-04,,,,4211.22
2014-12-05,,,,4210.79
2014-12-08,,,,4169.21
2014-12-09,,,,4102.94
2014-12-10,,,,4152.86
2014-12-11,,,,4124.58
2014-12-12,,,,4060.04
2014-12-15,,,,4046.46
2014-12-16,,,,3905.54
2014-12-17,,,,3868.81
2014-12-18,,,,3987.17
2014-12-19,,,,4011.01
2014-12-22,,,,4045.14
2014-12-23,,,,4031.6
2014-12-24,,,,4040.51
2014-12-26,,,,4046.49
2014-12-29,,,,4069.02
2014-12-30,,,,4095.59
2014-12-31,,,,4158.75
2015-01-01,,,,4208.22
2015-01-02,,,,4236.16
2015-01-05,,,,4255.31
2015-01-06,,,,4120.45
2015-01-07,,,,4126.43
2015-01-08,,,,4204.87
2015-01-09,,,,4201.46
2015-01-12,,,,4237.27
2015-01-13,,,,4243.05
2015-01-14,,,,4227.11
2015-01-15,,,,4286.39
2015-01-16,,,,4300.1
2015-01-19,,,,4327.96
2015-01-20,,,,4353.74
2015-01-21,,,,4336.3
2015-01-22,,,,4353.68
2015-01-23,,,,4329.61
2015-01-27,,,,4350.3
2015-01-28,,,,4343.49
2015-01-29,,,,4349.15
2015-01-30,,,,4343.82
2015-02-02,,,,4392.4
2015-02-03,,,,4388.55
2015-02-04,,,,4368.73
2015-02-05,,,,4322.41
2015-02-06,,,,4255.92
2015-02-09,,,,4200.54
2015-02-10,,,,4204.53
2015-02-11,,,,4269.84
2015-02-12,,,,4333.82
2015-02-13,,,,4352.18
2015-02-16,,,,4356.17
2015-02-18,,,,4396.74
2015-02-19,,,,4407.42
2015-02-20,,,,4410.95
2015-02-23,,,,4371.18
2015-02-24,,,,4353.43
2015-02-25,,,,4342.5
2015-02-26,,,,4318.85
2015-02-27,,,,4392.07
2015-02-28,,,,4369.42
2015-03-02,,,,4434.32
2015-03-03,,,,4501.16
2015-03-04,,,,4444.72
2015-03-05,,,,4472.04
2015-03-09,,,,4413.29
2015-03-10,,,,4409.14
2015-03-11,,,,4400.78
2015-03-12,,,,4461.67
2015-03-13,,,,4408.59
2015-03-16,,,,4376.74
2015-03-17,,,,4395.14
2015-03-18,,,,4412.58
2015-03-19,,,,4373.73
2015-03-20,,,,4281.77
2015-03-23,,,,4233.82
2015-03-24,,,,4220.89
2015-03-25,,,,4190.95
2015-03-26,,,,4146.38
2015-03-27,,,,4151.99
2015-03-30,,,,4274.99
2015-03-31,,,,4318.35
2015-04-01,,,,4414.18
2015-04-06,,,,4483.5
2015-04-07,,,,4530.37
2015-04-08,,,,4595.7
2015-04-09,,,,4608.39
2015-04-10,,,,4625.89
2015-04-13,,,,4644.47
2015-04-15,,,,4621.86
2015-04-16,,,,4567.39
2015-04-17,,,,4516.87
2015-04-20,,,,4414.88
2015-04-21,,,,4408.57
2015-04-22,,,,4405.65
2015-04-23,,,,4401.85
2015-04-24,,,,4272.86
2015-04-27,,,,4137.79
2015-04-28,,,,4217.1
2015-04-29,,,,4248.98
2015-04-30,,,,4242.44
2015-05-04,,,,4328.4
2015-05-05,,,,4339.28
2015-05-06,,,,4195.09
2015-05-07,,,,4113.61
2015-05-08,,,,4188.04
2015-05-11,,,,4238.96
2015-05-12,,,,4145.48
2015-05-13,,,,4187.87
2015-05-14,,,,4219.35
2015-05-15,,,,4233.47
2015-05-18,,,,4277.17
2015-05-19,,,,4296.57
2015-05-20,,,,4293.47
2015-05-21,,,,4281.31
2015-05-22,,,,4291.52
2015-05-25,,,,4278.01
2015-05-26,,,,4260.95
2015-05-27,,,,4251.87
2015-05-28,,,,4250.26
2015-05-29,,,,4317.08
2015-06-01,,,,4311.97
2015-06-02,,,,4226.77
2015-06-03,,,,4106.71
2015-06-04,,,,4105.71
2015-06-05,,,,4124.33
2015-06-08,,,,4066.14
2015-06-09,,,,4038.25
2015-06-10,,,,4078.81
2015-06-11,,,,4015.43
2015-06-12,,,,4006.32
2015-06-15,,,,4028.64
2015-06-16,,,,4041.54
2015-06-17,,,,4087.08
2015-06-18,,,,4139.63
2015-06-19,,,,4143.45
2015-06-22,,,,4210.68
2015-06-23,,,,4228.01
2015-06-24,,,,4202.98
2015-06-25,,,,4208.92
2015-06-26,,,,4224.11
2015-06-29,,,,4154.74
2015-06-30,,,,4209.1
2015-07-01,,,,4270.95
2015-07-02,,,,4299.58
2015-07-03,,,,4302.36
2015-07-06,,,,4366.18
2015-07-07,,,,4396.93
2015-07-08,,,,4330.74
2015-07-09,,,,4336.52
2015-07-10,,,,4361.08
2015-07-13,,,,4414.68
2015-07-14,,,,4443.6
2015-07-15,,,,4465.76
2015-07-16,,,,4491.53
2015-07-17,,,,4510.77
2015-07-20,,,,4534.16
2015-07-21,,,,4449.7
2015-07-22,,,,4501.27
2015-07-23,,,,4534.37
2015-07-24,,,,4506.72
2015-07-27,,,,4441.98
2015-07-28,,,,4438.03
2015-07-29,,,,4490.46
2015-07-30,,,,4547.77
2015-07-31,,,,4583.28
2015-08-03,,,,4621.74
2015-08-04,,,,4657.24
2015-08-05,,,,4690.63
2015-08-06,,,,4680.09
2015-08-07,,,,4670.42
2015-08-10,,,,4653.6
2015-08-11,,,,4591.17
2015-08-12,,,,4468.79
2015-08-13,,,,4405.11
2015-08-14,,,,4489.81
2015-08-17,,,,4506.55
2015-08-18,,,,4558.01
2015-08-19,,,,4572.21
2015-08-20,,,,4475.54
2015-08-21,,,,4441.3
2015-08-24,,,,4031.16
2015-08-25,,,,4064.78
2015-08-26,,,,4093.12
2015-08-27,,,,4211.26
2015-08-28,,,,4222.14
2015-08-31,,,,4224.74
2015-09-01,,,,4118.73
2015-09-02,,,,4112.93
2015-09-03,,,,4179.12
2015-09-04,,,,4063.1
2015-09-07,,,,3989.45
2015-09-08,,,,4019.86
2015-09-09,,,,4105.04
2015-09-10,,,,4093.44
2015-09-11,,,,4121.55
2015-09-14,,,,4149.55
2015-09-15,,,,4128.17
2015-09-16,,,,4110.96
2015-09-18,,,,4156.92
2015-09-21,,,,4198.03
2015-09-22,,,,4144.46
2015-09-23,,,,4173.28
2015-09-24,,,,4199.52
2015-09-28,,,,4196.08
2015-09-29,,,,4195.96
2015-09-30,,,,4255.3
2015-10-01,,,,4255.84
2015-10-05,,,,4329.42
2015-10-06,,,,4357.81
2015-10-07,,,,4371.12
2015-10-08,,,,4362.59
2015-10-09,,,,4370.88
2015-10-12,,,,4379.19
2015-10-13,,,,4416.02
2015-10-14,,,,4420.1
2015-10-15,,,,4431.94
2015-10-16,,,,4441.7
2015-10-19,,,,4475.5
2015-10-20,,,,4485.32
2015-10-21,,,,4480.59
2015-10-23,,,,4461.46
2015-10-26,,,,4423.13
2015-10-27,,,,4427.32
2015-10-28,,,,4417.32
2015-10-29,,,,4391.87
2015-10-30,,,,4353.56
2015-11-02,,,,4349.9
2015-11-03,,,,4373.21
2015-11-04,,,,4358.81
2015-11-05,,,,4280.99
2015-11-06,,,,4245.83
2015-11-09,,,,4286.83
2015-11-10,,,,4242.21
2015-11-11,,,,4309.08
2015-11-13,,,,4281.03
2015-11-16,,,,4317.4
2015-11-17,,,,4339.09
2015-11-18,,,,4304.86
2015-11-19,,,,4353.67
2015-11-20,,,,4376.85
2015-11-23,,,,4395.91
2015-11-24,,,,4420.53
2015-11-26,,,,4440.18
2015-11-27,,,,4450.62
2015-11-30,,,,4481.55
2015-12-01,,,,4498.96
2015-12-02,,,,4502.68
2015-12-03,,,,4486.05
2015-12-04,,,,4435.72
2015-12-07,,,,4443.43
2015-12-08,,,,4376.29
2015-12-09,,,,4271.75
2015-12-10,,,,4324.91
2015-12-11,,,,4301.15
2015-12-14,,,,4326.77
2015-12-15,,,,4363.39
2015-12-16,,,,4371.32
2015-12-17,,,,4448.36
2015-12-18,,,,4439.82
2015-12-21,,,,4484.8
2015-12-22,,,,4485.18
2015-12-23,,,,4513.98
2015-12-24,,,,4539.64
2015-12-28,,,,4551.26
2015-12-29,,,,4541.9
2015-12-30,,,,4550.84
2015-12-31,,,,4583.13
2016-01-01,,,,4622.6
2016-01-04,,,,4564.3
2016-01-05,,,,4596.74
2016-01-06,,,,4577.94
2016-01-07,,,,4434.62
2016-01-08,,,,4494.9
2016-01-11,,,,4463.74
2016-01-12,,,,4417.22
2016-01-13,,,,4318.56
2016-01-14,,,,4257.89
2016-01-15,,,,4101.98
2016-01-18,,,,3919.97
2016-01-19,,,,3987.82
2016-01-20,,,,3900.09
2016-01-21,,,,3921.52
2016-01-22,,,,4019.24
2016-01-25,,,,4064.7
2016-01-27,,,,4080.5
2016-01-28,,,,4081.77
2016-01-29,,,,4133.13
2016-02-01,,,,4151.63
2016-02-02,,,,4088.4
2016-02-03,,,,3985.39
2016-02-04,,,,3947.88
2016-02-05,,,,4003.03
2016-02-08,,,,4000.98
2016-02-09,,,,3949.92
2016-02-10,,,,3880.48
2016-02-11,,,,3684.23
2016-02-12,,,,3630.73
2016-02-15,,,,3762.37
2016-02-16,,,,3680.44
2016-02-17,,,,3678.32
2016-02-18,,,,3693.76
2016-02-19,,,,3697.1
2016-02-22,,,,3714.85
2016-02-23,,,,3665.16
2016-02-24,,,,3624.53
2016-02-25,,,,3599.18
2016-02-26,,,,3581.08
2016-02-29,,,,3578.86
2016-03-01,,,,3711.98
2016-03-02,,,,3794.31
2016-03-03,,,,3850.53
2016-03-04,,,,3876.54
2016-03-08,,,,3896.08
2016-03-09,,,,3913.23
2016-03-10,,,,3908.64
2016-03-11,,,,3905.12
2016-03-14,,,,3925.39
2016-03-15,,,,3903.24
2016-03-16,,,,3897.86
2016-03-17,,,,3908.48
2016-03-18,,,,3923.86
2016-03-21,,,,3970.76
2016-03-22,,,,3984.04
2016-03-23,,,,3990.34
2016-03-28,,,,3927.06
2016-03-29,,,,3921.97
2016-03-30,,,,3999.33
2016-03-31,,,,4012.24
2016-04-01,,,,4051.1
2016-04-04,,,,4084.95
2016-04-05,,,,4013.42
2016-04-06,,,,4062.04
2016-04-07,,,,4048.7
2016-04-08,,,,4081.05
2016-04-11,,,,4111.4
2016-04-12,,,,4154.76
2016-04-13,,,,4199.75
2016-04-18,,,,4251.86
2016-04-20,,,,4278.34
2016-04-21,,,,4259.17
2016-04-22,,,,4258.22
2016-04-25,,,,4238.61
2016-04-26,,,,4258.57
2016-04-27,,,,4271.67
2016-04-28,,,,4225.34
2016-04-29,,,,4225.04
2016-05-02,,,,4232.25
2016-05-03,,,,4230.19
2016-05-04,,,,4174.05
2016-05-05,,,,4178.23
2016-05-06,,,,4181.82
2016-05-09,,,,4233.9
2016-05-10,,,,4239.73
2016-05-11,,,,4235.7
2016-05-12,,,,4276.44
2016-05-13,,,,4267.31
2016-05-16,,,,4262.11
2016-05-17,,,,4276.52
2016-05-18,,,,4295.96
2016-05-19,,,,4251.97
2016-05-20,,,,4202.95
2016-05-23,,,,4178.34
2016-05-24,,,,4146.89
2016-05-25,,,,4182
2016-05-26,,,,4214.44
2016-05-27,,,,4239.59
2016-05-30,,,,4259.65
2016-05-31,,,,4250.72
2016-06-01,,,,4269.15
2016-06-02,,,,4278.43
2016-06-03,,,,4264.93
2016-06-06,,,,4277.08
2016-06-07,,,,4314.28
2016-06-08,,,,4360.12
2016-06-09,,,,4364.38
2016-06-10,,,,4366.65
2016-06-13,,,,4358.14
2016-06-14,,,,4384.43
2016-06-15,,,,4425.68
2016-06-16,,,,4409.23
2016-06-17,,,,4440.96
2016-06-20,,,,4449.28
2016-06-21,,,,4464.02
2016-06-22,,,,4437.62
2016-06-23,,,,4429.38
2016-06-24,,,,4348.6
2016-06-27,,,,4438.57
2016-06-28,,,,4464.43
2016-06-29,,,,4538.27
2016-06-30,,,,4586.69
2016-07-01,,,,4621.65
2016-07-04,,,,4675.09
2016-07-05,,,,4684.9
2016-07-07,,,,4690.4
2016-07-08,,,,4667.48
2016-07-11,,,,4706.52
2016-07-12,,,,4713.82
2016-07-13,,,,4669.76
2016-07-14,,,,4708.42
2016-07-15,,,,4673.6
2016-07-18,,,,4653.73
2016-07-19,,,,4653.36
2016-07-20,,,,4697.4
2016-07-21,,,,4693.58
2016-07-22,,,,4712.28
2016-07-25,,,,4755.13
2016-07-26,,,,4729.3
2016-07-27,,,,4749.74
2016-07-28,,,,4780.37
2016-07-29,,,,4778.33
2016-08-01,,,,4772.08
2016-08-02,,,,4727.74
2016-08-03,,,,4676.57
2016-08-04,,,,4687.61
2016-08-05,,,,4758.39
2016-08-08,,,,4791.04
2016-08-09,,,,4773.5
2016-08-10,,,,4712.85
2016-08-11,,,,4705.84
2016-08-12,,,,4703.93
2016-08-16,,,,4704.16
2016-08-17,,,,4745.78
2016-08-18,,,,4805.97
2016-08-19,,,,4832.56
2016-08-22,,,,4829.16
2016-08-23,,,,4834.45
2016-08-24,,,,4867.3
2016-08-25,,,,4850.74
2016-08-26,,,,4837.79
2016-08-29,,,,4847.4
2016-08-30,,,,4888.61
2016-08-31,,,,4898.93
2016-09-01,,,,4864.06
2016-09-02,,,,4885.96
2016-09-06,,,,4935.16
2016-09-07,,,,4965.19
2016-09-08,,,,5018.66
2016-09-09,,,,4992.59
2016-09-12,,,,4852.46
2016-09-14,,,,4925.39
2016-09-15,,,,4942.5
2016-09-16,,,,4950.14
2016-09-19,,,,4978.6
2016-09-20,,,,4974.49
2016-09-21,,,,4981.84
2016-09-22,,,,5036.69
2016-09-23,,,,5026.14
2016-09-26,,,,4996.33
2016-09-27,,,,4991.19
2016-09-28,,,,5048.87
2016-09-29,,,,4818.09
2016-09-30,,,,4923.76
2016-10-03,,,,5067.19
2016-10-04,,,,5098.94
2016-10-05,,,,5137.94
2016-10-06,,,,5105.42
2016-10-07,,,,5111.9
2016-10-10,,,,5117.85
2016-10-13,,,,5029.99
2016-10-14,,,,5067.61
2016-10-17,,,,5042.54
2016-10-18,,,,5104.68
2016-10-19,,,,5128.13
2016-10-20,,,,5164.79
2016-10-21,,,,5178.46
2016-10-24,,,,5206.44
2016-10-25,,,,5203.17
2016-10-26,,,,5166.44
2016-10-27,,,,5126.29
2016-10-28,,,,5160.38
2016-10-30,,,,5201.36
2016-11-01,,,,5197.45
2016-11-02,,,,5100.04
2016-11-03,,,,5044.02
2016-11-04,,,,4931.03
2016-11-07,,,,4998.12
2016-11-08,,,,5002.52
2016-11-09,,,,4867.43
2016-11-10,,,,4953.71
2016-11-11,,,,4778.87
2016-11-15,,,,4540.62
2016-11-16,,,,4553.34
2016-11-17,,,,4524.98
2016-11-18,,,,4547.2
2016-11-21,,,,4383.5
2016-11-22,,,,4422.38
2016-11-23,,,,4502.4
2016-11-24,,,,4503.01
2016-11-25,,,,4587.85
2016-11-28,,,,4620.77
2016-11-29,,,,4652.51
2016-11-30,,,,4714.26
2016-12-01,,,,4681.38
2016-12-02,,,,4621.1
2016-12-05,,,,4622.97
2016-12-06,,,,4649.55
2016-12-07,,,,4622.74
2016-12-08,,,,4679.24
2016-12-09,,,,4705.57
2016-12-12,,,,4666.16
2016-12-13,,,,4673.34
2016-12-14,,,,4634.75
2016-12-15,,,,4648.16
2016-12-16,,,,4636.23
2016-12-19,,,,4608.87
2016-12-20,,,,4566.66
2016-12-21,,,,4574.59
2016-12-22,,,,4512.54
2016-12-23,,,,4506.36
2016-12-26,,,,4408.88
2016-12-27,,,,4471.76
2016-12-28,,,,4503.1
2016-12-29,,,,4550.09
2016-12-30,,,,4599.77
2017-01-02,,,,4669.83
2017-01-03,,,,4725.86
2017-01-04,,,,4748.42
2017-01-05,,,,4793.38
2017-01-06,,,,4773.26
2017-01-09,,,,4801.38
2017-01-10,,,,4841.79
2017-01-11,,,,4889.53
2017-01-12,,,,4874.94
2017-01-13,,,,4880.51
2017-01-16,,,,4915.13
2017-01-17,,,,4926.56
2017-01-18,,,,4953.85
2017-01-19,,,,4961.63
2017-01-20,,,,4887.94
2017-01-23,,,,4917.97
2017-01-24,,,,4945.08
2017-01-25,,,,4996.65
2017-01-27,,,,5031.55
2017-01-30,,,,5024.27
2017-01-31,,,,4968.62
2017-02-01,,,,5062.78
2017-02-02,,,,5117.46
2017-02-03,,,,5187.25
2017-02-06,,,,5240.93
2017-02-07,,,,5235.88
2017-02-08,,,,5259.71
2017-02-09,,,,5269.29
2017-02-10,,,,5268.9
2017-02-13,,,,5222.24
2017-02-14,,,,5183.12
2017-02-15,,,,5093.74
2017-02-16,,,,5153.66
2017-02-17,,,,5188.13
2017-02-20,,,,5239.18
2017-02-21,,,,5266.69
2017-02-22,,,,5237.61
2017-02-23,,,,5241.44
2017-02-27,,,,5249.15
2017-02-28,,,,5291.75
2017-03-01,,,,5326.74
2017-03-02,,,,5261.81
2017-03-03,,,,5280.13
2017-03-06,,,,5305.08
2017-03-07,,,,5309.95
2017-03-08,,,,5283.64
2017-03-09,,,,5281.02
2017-03-10,,,,5273.58
2017-03-14,,,,5339.38
2017-03-15,,,,5387.2
2017-03-16,,,,5442.16
2017-03-17,,,,5430.76
2017-03-20,,,,5438.85
2017-03-21,,,,5433.64
2017-03-22,,,,5383.92
2017-03-23,,,,5432.83
2017-03-24,,,,5461.7
2017-03-27,,,,5455.99
2017-03-28,,,,5477.58
2017-03-29,,,,5506.72
2017-03-30,,,,5545.24
2017-03-31,,,,5596.81
2017-04-03,,,,5671.1
2017-04-05,,,,5741.33
2017-04-06,,,,5721.31
2017-04-07,,,,5675.65
2017-04-10,,,,5715.99
2017-04-11,,,,5785.81
2017-04-12,,,,5758.29
2017-04-13,,,,5770.23
2017-04-17,,,,5802.96
2017-04-18,,,,5748.07
2017-04-19,,,,5802.67
2017-04-20,,,,5890.4
2017-04-21,,,,5926.06
2017-04-24,,,,5979.51
2017-04-25,,,,6015.56
2017-04-26,,,,5954.05
2017-04-27,,,,5957.93
2017-04-28,,,,5996.6
2017-05-02,,,,6015.11
2017-05-03,,,,6029.19
2017-05-04,,,,6049.19
2017-05-05,,,,5981.71
2017-05-08,,,,6035.2
2017-05-09,,,,6071.29
2017-05-10,,,,6120.79
2017-05-11,,,,6113.34
2017-05-12,,,,6070.66
2017-05-15,,,,6119.53
2017-05-16,,,,6167.35
2017-05-17,,,,6157.74
2017-05-18,,,,6031.11
2017-05-19,,,,5980.8
2017-05-22,,,,5901.66
2017-05-23,,,,5775.07
2017-05-24,,,,5671.68
2017-05-25,,,,5804.07
2017-05-26,,,,5912.07
2017-05-29,,,,5811.58
2017-05-30,,,,5836
2017-05-31,,,,5903.2
2017-06-01,,,,5956.79
2017-06-02,,,,5994.81
2017-06-05,,,,6023.54
2017-06-06,,,,5975.61
2017-06-07,,,,6008.09
2017-06-08,,,,6024.14
2017-06-09,,,,6056.76
2017-06-12,,,,6022.33
2017-06-13,,,,6044.45
2017-06-14,,,,6066.82
2017-06-15,,,,6092.01
2017-06-16,,,,6120.79
2017-06-19,,,,6118.89
2017-06-20,,,,6125.12
2017-06-21,,,,6127.59
2017-06-22,,,,6085.9
2017-06-23,,,,5997.33
2017-06-27,,,,5892.29
2017-06-28,,,,5902.48
2017-06-29,,,,5961.11
2017-06-30,,,,5982.5
2017-07-03,,,,6053.5
2017-07-04,,,,6048.46
2017-07-05,,,,6116.7
2017-07-06,,,,6139.21
2017-07-07,,,,6157.69
2017-07-10,,,,6181.8
2017-07-11,,,,6133.88
2017-07-12,,,,6185.01
2017-07-13,,,,6209.84
2017-07-14,,,,6183.78
2017-07-17,,,,6189.29
2017-07-18,,,,6144.93
2017-07-19,,,,6211.48
2017-07-20,,,,6217.98
2017-07-21,,,,6234.62
2017-07-24,,,,6243.99
2017-07-25,,,,6246.32
2017-07-26,,,,6268.15
2017-07-27,,,,6219.51
2017-07-28,,,,6239.18
2017-07-31,,,,6237.8
2017-08-01,,,,6231.29
2017-08-02,,,,6217.76
2017-08-03,,,,6150
2017-08-04,,,,6149.54
2017-08-07,,,,6212.91
2017-08-08,,,,6112.05
2017-08-09,,,,6009.78
2017-08-10,,,,5779.11
2017-08-11,,,,5775.77
2017-08-14,,,,5916.79
2017-08-16,,,,5995.48
2017-08-17,,,,6032.68
2017-08-18,,,,5995.8
2017-08-21,,,,5920.51
2017-08-22,,,,5881.43
2017-08-23,,,,5959.79
2017-08-24,,,,5992.73
2017-08-28,,,,6072.89
2017-08-29,,,,5996.75
2017-08-30,,,,6084.46
2017-08-31,,,,6131.44
2017-09-01,,,,6189.42
2017-09-04,,,,6138.6
2017-09-05,,,,6201.32
2017-09-06,,,,6228.08
2017-09-07,,,,6267.63
2017-09-08,,,,6256.23
2017-09-11,,,,6280.2
2017-09-12,,,,6336.82
2017-09-13,,,,6296.86
2017-09-14,,,,6320.12
2017-09-15,,,,6326.22
2017-09-18,,,,6382.69
2017-09-19,,,,6415.97
2017-09-20,,,,6405.43
2017-09-21,,,,6360.62
2017-09-22,,,,6165.65
2017-09-25,,,,6036.11
2017-09-26,,,,6086.54
2017-09-27,,,,5962.91
2017-09-28,,,,6006.39
2017-09-29,,,,6093.86
2017-10-03,,,,6117.78
2017-10-04,,,,6164.89
2017-10-05,,,,6214.99
2017-10-06,,,,6289.57
2017-10-09,,,,6325.72
2017-10-10,,,,6375.86
2017-10-11,,,,6306.45
2017-10-12,,,,6376.06
2017-10-13,,,,6401.11
2017-10-16,,,,6404.67
2017-10-17,,,,6453.64
2017-10-18,,,,6453.95
2017-10-19,,,,6459.94
2017-10-23,,,,6480.49
2017-10-24,,,,6525.37
2017-10-25,,,,6538.12
2017-10-26,,,,6573.39
2017-10-27,,,,6593.01
2017-10-30,,,,6667.26
2017-10-31,,,,6697.75
2017-11-01,,,,6734.39
2017-11-02,,,,6758.41
2017-11-03,,,,6799.84
2017-11-06,,,,6828.74
2017-11-07,,,,6735.88
2017-11-08,,,,6676.48
2017-11-09,,,,6712.01
2017-11-10,,,,6715.27
2017-11-13,,,,6667.62
2017-11-14,,,,6654.32
2017-11-15,,,,6547.16
2017-11-16,,,,6615.66
2017-11-17,,,,6669.76
2017-11-20,,,,6728.79
2017-11-21,,,,6753.67
2017-11-22,,,,6770.95
2017-11-23,,,,6811.25
2017-11-24,,,,6831.56
2017-11-27,,,,6884.38
2017-11-28,,,,6902.18
2017-11-29,,,,6896.13
2017-11-30,,,,6911.72
2017-12-01,,,,6814.12
2017-12-04,,,,6762.79
2017-12-05,,,,6752.48
2017-12-06,,,,6718.97
2017-12-07,,,,6809.25
2017-12-08,,,,6877.56
2017-12-11,,,,6878.51
2017-12-12,,,,6816.29
2017-12-13,,,,6760.47
2017-12-14,,,,6742.61
2017-12-15,,,,6834.44
2017-12-18,,,,6854.54
2017-12-19,,,,6978.61
2017-12-20,,,,7035.98
2017-12-21,,,,7111.42
2017-12-22,,,,7154.32
2017-12-26,,,,7206.92
2017-12-27,,,,7169.32
2017-12-28,,,,7193.21
2017-12-29,,,,7234.34
2018-01-01,,,,7273
2018-01-02,,,,7221.62
2018-01-03,,,,7283.95
2018-01-04,,,,7367.41
2018-01-05,,,,7435.66
2018-01-08,,,,7503.61
2018-01-09,,,,7509.98
2018-01-10,,,,7514.62
2018-01-11,,,,7554.46
2018-01-12,,,,7551.09
2018-01-15,,,,7568.3
2018-01-16,,,,7386.27
2018-01-17,,,,7424.39
2018-01-18,,,,7264.85
2018-01-19,,,,7334.45
2018-01-22,,,,7382.47
2018-01-23,,,,7413.55
2018-01-24,,,,7348.85
2018-01-25,,,,7287.21
2018-01-29,,,,7188.17
2018-01-30,,,,7085.53
2018-01-31,,,,7021.49
2018-02-01,,,,7023.74
2018-02-02,,,,6670.31
2018-02-05,,,,6669.77
2018-02-06,,,,6522.04
2018-02-07,,,,6647.8
2018-02-08,,,,6803.87
2018-02-09,,,,6828.03
2018-02-12,,,,6941.88
2018-02-14,,,,6937.48
2018-02-15,,,,6851.92
2018-02-16,,,,6760.21
2018-02-19,,,,6688.99
2018-02-20,,,,6682.25
2018-02-21,,,,6666.34
2018-02-22,,,,6631.74
2018-02-23,,,,6741.12
2018-02-26,,,,6813.21
2018-02-27,,,,6773.07
2018-02-28,,,,6770.97
2018-03-01,,,,6744.61
2018-03-05,,,,6669.78
2018-03-06,,,,6576.86
2018-03-07,,,,6426.67
2018-03-08,,,,6459.4
2018-03-09,,,,6435.18
2018-03-12,,,,6463.34
2018-03-13,,,,6544.97
2018-03-14,,,,6541.14
2018-03-15,,,,6605.73
2018-03-16,,,,6521.12
2018-03-19,,,,6379.46
2018-03-20,,,,6378.88
2018-03-21,,,,6404.18
2018-03-22,,,,6323.74
2018-03-23,,,,6220.84
2018-03-26,,,,6262.95
2018-03-27,,,,6352.5
2018-03-28,,,,6270.82
2018-04-02,,,,6393.98
2018-04-03,,,,6477.67
2018-04-04,,,,6413.61
2018-04-05,,,,6539.27
2018-04-06,,,,6579.58
2018-04-09,,,,6592.17
2018-04-10,,,,6591.12
2018-04-11,,,,6591.83
2018-04-12,,,,6573.36
2018-04-13,,,,6588.47
2018-04-16,,,,6612.01
2018-04-17,,,,6625.48
2018-04-18,,,,6603
2018-04-19,,,,6660.14
2018-04-20,,,,6665.34
2018-04-23,,,,6686.73
2018-04-24,,,,6672.57
2018-04-25,,,,6597.22
2018-04-26,,,,6607.97
2018-04-27,,,,6636.64
2018-04-30,,,,6704.78
2018-05-02,,,,6631.98
2018-05-03,,,,6569.59
2018-05-04,,,,6553.1
2018-05-07,,,,6592.43
2018-05-08,,,,6622.15
2018-05-09,,,,6607.24
2018-05-10,,,,6503.69
2018-05-11,,,,6486.52
2018-05-14,,,,6414.26
2018-05-15,,,,6355.87
2018-05-16,,,,6362.74
2018-05-17,,,,6410.11
2018-05-18,,,,6286.06
2018-05-21,,,,6133.1
2018-05-22,,,,6203.6
2018-05-23,,,,6185.4
2018-05-24,,,,6186.86
2018-05-25,,,,6268.68
2018-05-28,,,,6362.52
2018-05-29,,,,6350.67
2018-05-30,,,,6337.23
2018-05-31,,,,6289.76
2018-06-01,,,,6191.24
2018-06-04,,,,6038.55
2018-06-05,-,-,-,5875.74
2018-06-06,-,-,-,5968.35
2018-06-07,-,-,-,6095.95
2018-06-08,-,-,-,6141.79
2018-06-11,-,-,-,6166.84
2018-06-12,-,-,-,6205.63
2018-06-13,-,-,-,6190.95
2018-06-14,-,-,-,6182.18
2018-06-15,-,-,-,6143.89
2018-06-18,-,-,-,6097.26
2018-06-19,-,-,-,6014.86
2018-06-20,-,-,-,6026.11
2018-06-21,-,-,-,5973.29
2018-06-22,-,-,-,5973.61
2018-06-25,-,-,-,5925.99
2018-06-26,-,-,-,5877.61
2018-06-27,-,-,-,5758.93
2018-06-28,-,-,-,5667.96
2018-06-29,-,-,-,5786.49
2018-07-02,-,-,-,5733.78
2018-07-03,-,-,-,5759.89
2018-07-04,-,-,-,5785.91
2018-07-05,-,-,-,5753.69
2018-07-06,-,-,-,5783.81
2018-07-09,-,-,-,5877.02
2018-07-10,-,-,-,5939.26
2018-07-11,-,-,-,5915.62
2018-07-12,-,-,-,5916.75
2018-07-13,-,-,-,5808.18
2018-07-16,-,-,-,5654.24
2018-07-17,-,-,-,5716.64
2018-07-18,-,-,-,5661.03
2018-07-19,-,-,-,5612.2
2018-07-20,-,-,-,5632.22
2018-07-23,-,-,-,5678.83
2018-07-24,-,-,-,5808.2
2018-07-25,-,-,-,5825.54
2018-07-26,-,-,-,5848.33
2018-07-27,-,-,-,5907.71
2018-07-30,-,-,-,5933.52
2018-07-31,-,-,-,5943.02
2018-08-01,-,-,-,5948.77
2018-08-02,-,-,-,5944.01
2018-08-03,-,-,-,6028.64
2018-08-06,-,-,-,6050.03
2018-08-07,-,-,-,6021.72
2018-08-08,-,-,-,6039.17
2018-08-09,-,-,-,6069.26
2018-08-10,-,-,-,6006.91
2018-08-13,-,-,-,5951.14
2018-08-14,-,-,-,5969.77
2018-08-16,-,-,-,5950.45
2018-08-17,-,-,-,6007.85
2018-08-20,-,-,-,6020.8
2018-08-21,-,-,-,6047.59
2018-08-23,-,-,-,6036.24
2018-08-24,-,-,-,6021.91
2018-08-27,-,-,-,6060.92
2018-08-28,-,-,-,6073.5
2018-08-29,-,-,-,6088.14
2018-08-30,-,-,-,6125.79
2018-08-31,-,-,-,6160.43
2018-09-03,-,-,-,6152.57
2018-09-04,-,-,-,6024.29
2018-09-05,-,-,-,6008.53
2018-09-06,-,-,-,6042.68
2018-09-07,-,-,-,6069.48
2018-09-10,-,-,-,5999.73
2018-09-11,-,-,-,5917.13
2018-09-12,-,-,-,5899.47
2018-09-14,-,-,-,5977.76
2018-09-17,-,-,-,5985.88
2018-09-18,-,-,-,5884.93
2018-09-19,-,-,-,5834.77
2018-09-21,-,-,-,5649.71
2018-09-24,-,-,-,5507.92
2018-09-25,-,-,-,5460.51
2018-09-26,-,-,-,5457.14
2018-09-27,-,-,-,5340.62
2018-09-28,-,-,-,5130.04
2018-10-01,-,-,-,5134.1
2018-10-03,-,-,-,5158.8
2018-10-04,-,-,-,5049.34
2018-10-05,-,-,-,4942.38
2018-10-08,-,-,-,4851.17
2018-10-09,-,-,-,4827.47
2018-10-10,-,-,-,5004.09
2018-10-11,-,-,-,4916.38
2018-10-12,-,-,-,5040.82
2018-10-15,-,-,-,5103.27
2018-10-16,-,-,-,5181.97
2018-10-17,-,-,-,5059.86
2018-10-19,-,-,-,5004.75
2018-10-22,-,-,-,4918.32
2018-10-23,-,-,-,4853.5
2018-10-24,-,-,-,4888.62
2018-10-25,-,-,-,4842.14
2018-10-26,-,-,-,4831.37
2018-10-29,-,-,-,4938.41
2018-10-30,-,-,-,4995.3
2018-10-31,-,-,-,5056.8
2018-11-01,-,-,-,5118.9
2018-11-02,-,-,-,5175.72
2018-11-05,-,-,-,5154.61
2018-11-06,-,-,-,5150.83
2018-11-07,-,-,-,5208.54
2018-11-09,-,-,-,5244.03
2018-11-12,-,-,-,5198.53
2018-11-13,-,-,-,5205.33
2018-11-14,-,-,-,5197.7
2018-11-15,-,-,-,5198.38
2018-11-16,-,-,-,5183.77
2018-11-19,-,-,-,5203.67
2018-11-20,-,-,-,5141.76
2018-11-21,-,-,-,5149.63
2018-11-22,-,-,-,5130.38
2018-11-26,-,-,-,5113.37
2018-11-27,-,-,-,5134.07
2018-11-28,-,-,-,5104.6
2018-11-29,-,-,-,5108.43
2018-11-30,-,-,-,5125.73
2018-12-03,-,-,-,5156.19
2018-12-04,-,-,-,5165.19
2018-12-05,-,-,-,5095.57
2018-12-06,-,-,-,5029.58
2018-12-07,-,-,-,5031.43
2018-12-10,-,-,-,4939
2018-12-11,-,-,-,5005.34
2018-12-12,-,-,-,5138.7
2018-12-13,-,-,-,5177.38
2018-12-14,-,-,-,5184.64
2018-12-17,-,-,-,5203.46
2018-12-18,-,-,-,5235.89
2018-12-19,-,-,-,5295.49
2018-12-20,-,-,-,5303.93
2018-12-21,-,-,-,5252.7
2018-12-24,-,-,-,5203.16
2018-12-26,-,-,-,5196.96
2018-12-27,-,-,-,5206.63
2018-12-28,-,-,-,5253.95
2018-12-31,-,-,-,5295.48
2019-01-14,5261.65,5265.3,5224.1,5236.8
2019-01-15,5253,5287.05,5252.6,5284.65
2019-01-16,5293.75,5319.35,5289.55,5295.55
2019-01-17,5309.4,5318.3,5267.45,5278.2
2019-01-18,5287.25,5287.8,5224.75,5229.4
2019-01-21,5234.55,5238.9,5181.2,5189.15
2019-01-22,5187.55,5187.8,5140.1,5157.7
2019-01-23,5163.15,5178.35,5145.15,5150.3
2019-01-24,5160.05,5163.25,5126.25,5130.5
2019-01-25,5142.9,5155.85,5051.45,5057.65
2019-01-28,5054.5,5056.8,4957.9,4964.75
2019-01-29,4954.35,4985.1,4940.75,4971.6
2019-01-30,4985.4,5001.9,4978,4993.9
2019-01-31,5009.75,5023.95,4993.4,5021.6
2019-02-01,5038.45,5069.6,4998.65,5024.7
2019-02-04,5022.05,5022.5,4939.5,4951.3
2019-02-05,4951.15,4964.35,4895.6,4906.45
2019-02-06,4921.65,4924.2,4860.85,4918.9
2019-02-07,4922.65,4965.3,4915.8,4950.95
2019-02-08,4945.35,4945.4,4891.05,4895.45
2019-02-11,4892.6,4894.25,4813.05,4817.85
2019-02-12,4814.6,4827.8,4795.95,4803.6
2019-02-13,4815.3,4823.3,4770.1,4777.8
2019-02-14,4765.45,4779.7,4731.7,4775.25
2019-02-15,4773.4,4775.95,4727.25,4736.15
2019-02-18,4746.3,4749.55,4687.8,4695.1
2019-02-19,4698.15,4737.45,4693.9,4711.85
2019-02-20,4724.4,4765.7,4723.9,4758.3
2019-02-21,4773.6,4812.35,4762.35,4809
2019-02-22,4815.55,4852.35,4809.85,4847.15
2019-02-25,4865.85,4890.5,4865.25,4885.2
2019-02-26,4838.5,4877.15,4783.55,4856.6
2019-02-27,4875.2,4948.35,4846.7,4865.9
2019-02-28,4880.2,4915,4874.95,4907.55
2019-03-01,4929.1,5024.75,4928.75,5022.65
2019-03-05,5033.25,5211.05,5030.1,5207.25
2019-03-06,5246.6,5286.4,5244.5,5261.95
2019-03-07,5276.1,5282.45,5247.3,5258.15
2019-03-08,5262.5,5283,5243.2,5253.8
2019-03-11,5273.65,5356.2,5272.3,5352.65
2019-03-12,5386.85,5427.05,5386.2,5410.25
2019-03-13,5423.65,5426.05,5381.25,5390.65
2019-03-14,5407.9,5417.65,5370.85,5388.15
2019-03-15,5402.3,5426.15,5345.4,5360.25
2019-03-18,5378.3,5392.15,5334.45,5351.35
2019-03-19,5367.5,5388.3,5352.8,5374.95
2019-03-20,5386.8,5389.3,5352.35,5356.85
2019-03-22,5372.65,5380.95,5324.9,5328.6
2019-03-25,5293.75,5293.9,5259.5,5268.2
2019-03-26,5281.45,5314.3,5280.75,5311.4
2019-03-27,5332.55,5368.95,5329.75,5365.05
2019-03-28,5378.6,5410.85,5377.15,5406.15
2019-03-29,5430.55,5445.2,5419.5,5438.8
2019-04-01,5474,5516.15,5473.3,5490.6
2019-04-02,5510.75,5512.8,5461.55,5485.8
2019-04-03,5498.5,5519.1,5428.3,5433.4
2019-04-04,5443.8,5447.15,5388.35,5408.1
2019-04-05,5433,5460.25,5431.3,5457
2019-04-08,5478.45,5495.6,5428.1,5439.95
2019-04-09,5449.05,5449.7,5404.75,5433.75
2019-04-10,5429.3,5463.55,5427.4,5442.65
2019-04-11,5452.2,5468.25,5435.35,5447.15
2019-04-12,5454.35,5483.35,5453.15,5480.15
2019-04-15,5500.85,5535.8,5500.2,5510.65
2019-04-16,5527.65,5536.25,5523.45,5527.45
2019-04-18,5533.4,5539.5,5446.5,5461.85
2019-04-22,5450.65,5450.85,5376.7,5380
2019-04-23,5387.45,5403.85,5354.95,5363.95
2019-04-24,5379.65,5398.2,5365.95,5396.3
2019-04-25,5406.1,5433.4,5391.6,5395.95
2019-04-26,5405.55,5413.45,5377.95,5389.6
2019-04-30,5390.6,5393.3,5306.05,5328.25
2019-05-02,5325.1,5348.05,5301,5320.4
2019-05-03,5326.55,5341.05,5306,5311.6
2019-05-06,5279.45,5300.6,5264.75,5269.6
2019-05-07,5284.5,5298.3,5225.1,5228.2
2019-05-08,5217.1,5218.35,5155.9,5158.35
2019-05-09,5147.9,5163.5,5124.45,5142.6
2019-05-10,5149.85,5173.55,5139.5,5158
2019-05-13,5154.45,5156.6,5034.75,5041.25
2019-05-14,5027.9,5077.15,4983.55,5067.6
2019-05-15,5086.35,5102.8,5027.9,5035.1
2019-05-16,5045.15,5051.35,5010.7,5042.9
2019-05-17,5046.05,5073.15,5044.15,5059.15
2019-05-20,5199.5,5267.5,5155.9,5264.15
2019-05-21,5281.15,5292.05,5213.1,5231.15
2019-05-22,5243.85,5259.4,5213.05,5252.4
2019-05-23,5321.45,5349.85,5229.85,5244.55
2019-05-24,5268.85,5378.05,5265.9,5374.4
2019-05-27,5397.9,5467,5385.55,5464.95
2019-05-28,5484.3,5498.5,5458.3,5479.15
2019-05-29,5481.2,5483.75,5433.25,5444.3
2019-05-30,5445.4,5463,5437.9,5451.5
2019-05-31,5461.35,5468.2,5381.95,5412.9
2019-06-03,5414.85,5422.4,5389.15,5416.2
2019-06-04,5416.05,5456.35,5406.75,5412.9
2019-06-06,5421.3,5423.85,5310.55,5325.7
2019-06-07,5333.85,5348.9,5280.3,5320.05
2019-06-10,5340.2,5350.25,5271.05,5284.7
2019-06-11,5286.9,5299.2,5251.8,5293.55
2019-06-12,5294.85,5299.2,5264.1,5273.05
2019-06-13,5264.55,5266.8,5205.2,5244.9
2019-06-14,5241.25,5248.8,5203.05,5212.3
2019-06-17,5214.6,5215.75,5132.65,5137.15
2019-06-18,5135.65,5151.85,5099.9,5111.95
2019-06-19,5127.45,5143.05,5023,5041.8
2019-06-20,5028.6,5099.5,4990.1,5093.2
2019-06-21,5094.6,5112.35,5073.05,5092.15
2019-06-24,5099.85,5108.25,5075.8,5080.1
2019-06-25,5075.2,5105.1,5061.35,5101.45
2019-06-26,5094,5131.85,5092.25,5127.45
2019-06-27,5138.95,5166.75,5129.85,5141.35
2019-06-28,5148.55,5154.6,5128.25,5138.55
2019-07-01,5157.35,5170.55,5153.95,5163.45
2019-07-02,5173.2,5175,5141.35,5156.4
2019-07-03,5162.95,5177,5158.15,5170.55
2019-07-04,5177.25,5198.2,5177.2,5186.75
2019-07-05,5198.65,5204.8,5111.45,5120.25
2019-07-08,5099.9,5101.25,4993.5,5009.3
2019-07-09,4999.3,5026.15,4973.9,5014.7
2019-07-10,5015.15,5038.45,4975.7,4979
2019-07-11,4995.95,5007.6,4976.6,4996.95
2019-07-12,4997.5,5032,4994.5,5015.85
2019-07-15,5027.3,5030.45,4969.25,4975.8
2019-07-16,4978.25,4988.45,4961.2,4975.8
2019-07-17,4973.15,4995,4965.55,4975.8
2019-07-18,4972.05,4974.4,4921.1,4924.45
2019-07-19,4933.25,4938.55,4837.6,4841.05
2019-07-22,4821.15,4824.45,4748.8,4772.4
2019-07-23,4777.9,4801.25,4774,4797.5
2019-07-24,4796.25,4805.35,4733.45,4737.8
2019-07-25,4729.8,4758.7,4719,4724.4
2019-07-26,4711.65,4730.6,4696.6,4726.45
2019-07-29,4725.05,4731.95,4673.65,4678
2019-07-30,4671.6,4688.85,4560.9,4567.55
2019-08-01,4561.3,4594.5,4497,4523.55
2019-08-02,4484.9,4524.3,4449.35,4496.85
2019-08-05,4461.6,4462.95,4367.35,4405.5
2019-08-06,4377.2,4483.65,4377.1,4478.85
2019-08-07,4488.3,4522.1,4465.95,4471.55
2019-08-08,4478.85,4514.45,4464.55,4506.65
2019-08-09,4522.05,4567.2,4521.95,4546.45
2019-08-13,4554.75,4562,4475.3,4480.6
2019-08-14,4490.7,4501.7,4472.5,4495.65
2019-08-16,4488.7,4507.4,4455.15,4502.25
2019-08-19,4510.05,4536.1,4507.05,4526.05
2019-08-20,4521.75,4529.05,4480.8,4493.45
2019-08-21,4484,4488,4407.15,4412.5
2019-08-22,4394.5,4397.45,4313.9,4316.45
2019-08-23,4298.3,4347.85,4242.55,4343.75
2019-08-26,4436.9,4437.45,4338.85,4433.5
2019-08-27,4452.2,4505.3,4449.95,4500.25
2019-08-28,4504.3,4526.45,4457.2,4476.55
2019-08-29,4465.85,4470.45,4427.1,4438.85
2019-08-30,4442.05,4481.6,4434.9,4479
2019-09-03,4457.9,4465.85,4407.3,4416.2
2019-09-04,4414.75,4430.25,4395.25,4426.25
2019-09-05,4430.65,4460.7,4430.65,4456.3
2019-09-06,4463.65,4510.7,4463.25,4505.05
2019-09-09,4495.45,4543.15,4490.3,4537.45
2019-09-11,4557.7,4615.35,4556.25,4608.35
2019-09-12,4630.05,4661.8,4615.4,4618.6
2019-09-13,4634.9,4650.7,4604.95,4646.1
2019-09-16,4625.6,4668.4,4612.85,4664.15
2019-09-17,4676.75,4684.25,4563.3,4571.2
2019-09-18,4600.55,4613.45,4565.6,4577.8
2019-09-19,4586.85,4586.9,4498.45,4512.65
2019-09-24,4835.25,4848.15,4805.3,4820.85
2019-09-25,4826.6,4826.85,4732.45,4742.85
2019-09-26,4755.45,4778.45,4751.15,4766.5
2019-09-27,4771.95,4787.3,4723.8,4730.8
2019-09-30,4739.6,4743.7,4653.25,4677.4
2019-10-01,4695.4,4699.55,4538.6,4598.05
2019-10-03,4591.85,4604.95,4551.5,4576.85
2019-10-04,4601.3,4606.75,4531.1,4535.9
2019-10-07,4542.85,4547.15,4483.95,4488.4
2019-10-09,4495.3,4518.55,4469.45,4515.85
2019-10-10,4510.35,4518.6,4488.05,4492.55
2019-10-11,4502.7,4528.25,4477.35,4506.85
2019-10-14,4520.05,4531.55,4502.2,4507.55
2019-10-15,4519.7,4522,4500.6,4504.8
2019-10-16,4524.7,4539.65,4507.6,4513.8
2019-10-17,4520.6,4561.2,4513.95,4557.7
2019-10-18,4569.7,4649.55,4568.7,4643.2
2019-10-22,4656.25,4695.95,4655,4681.85
2019-10-23,4694.6,4700.4,4666,4687.4
2019-10-24,4710.35,4717.8,4658.9,4664.75
2019-10-25,4675.15,4679.85,4635,4645.8
2019-10-27,4674.9,4701.45,4672.8,4698.15
2019-10-29,4703.9,4734.3,4690.95,4726.8
2019-10-30,4751.05,4765.5,4743.1,4756.85
2019-10-31,4780.25,4806.5,4779.6,4789.75
2019-11-04,4846.2,4869.95,4833.05,4839
2019-11-05,4855.5,4860.2,4783.5,4794.3
2019-11-06,4814.5,4814.5,4766.85,4772.15
2019-11-07,4797.6,4807.95,4782.7,4796.4
2019-11-08,4803.55,4821.3,4769.2,4774.25
2019-11-11,4783.65,4787.55,4768.9,4778.35
2019-11-13,4781.6,4786.35,4728.15,4739.65
2019-11-14,4753.3,4756.05,4718.3,4739.5
2019-11-15,4747.4,4756.25,4730.35,4733.65
2019-11-18,4748.85,4758.05,4735.95,4742.3
2019-11-19,4751.45,4764,4747.9,4755.05
2019-11-20,4767.8,4773.95,4752.6,4757.8
2019-11-21,4773.65,4779.3,4741.5,4743.55
2019-11-22,4754.8,4758.25,4735.35,4744.35
2019-11-25,4759.1,4787.9,4751.35,4785.45
2019-11-26,4803.35,4816.5,4756.15,4764.5
2019-11-27,4768.2,4779.9,4756.25,4767.6
2019-11-28,4777.25,4799.4,4773.45,4797.05
2019-11-29,4810.15,4839.65,4806.05,4831.05
2019-12-02,4833.65,4839.05,4791.95,4795.85
2019-12-06,4796.85,4799.7,4721.25,4732
2019-12-12,4656.2,4672.4,4647.3,4668.2
2019-12-13,4684.3,4709.75,4683.75,4707.25
2019-12-16,4722.65,4725.25,4700,4704.15
2019-12-18,4745.75,4756.3,4727.75,4738.05
2019-12-19,4740.55,4744.9,4728.55,4737.85
2019-12-20,4745.7,4757.5,4736.9,4741.1
2019-12-23,4738.45,4750.75,4733.1,4741.45
2019-12-24,4752.7,4758.45,4737.4,4743.4
2019-12-26,4758.3,4768.15,4749.2,4756.15
2019-12-27,4774.15,4799.15,4771.25,4795.3
2019-12-30,4812.9,4837.05,4812.15,4834.3
2019-12-31,4845.1,4861.9,4835.45,4857.4
2020-01-01,4870.3,4896.5,4869.65,4892.7
2020-01-02,4910.85,4975,4908.65,4971.55
2020-01-03,4980.45,5002,4969.85,4983.1
2020-01-06,4964.9,4966.9,4876.7,4887.9
2020-01-07,4925.75,4974.75,4925.35,4946.35
2020-01-08,4889.8,4949.95,4883.6,4945.65
2020-01-09,5003.9,5040.65,5003.65,5037.25
2020-01-10,5062.85,5096.85,5052.3,5071.2
2020-01-13,5090.35,5122.75,5089.05,5119.65
2020-01-14,5133.6,5153.55,5127.55,5147.55
2020-01-15,5149.55,5200.85,5136.5,5195.9
2020-01-16,5215.25,5242.3,5214.35,5233.95
2020-01-17,5250.15,5260.3,5236.25,5253.75
2020-01-20,5285.8,5289.1,5221.3,5226.3
2020-01-21,5216.7,5247.15,5204.3,5226.3
2020-01-22,5258.05,5266.95,5212.45,5218.75
2020-01-23,5229.95,5254.85,5224.5,5252.25
2020-01-24,5261.9,5286.2,5242.95,5280
2020-01-27,5270.75,5310.4,5262.45,5276.1
2020-01-28,5297.8,5314.65,5245.5,5263.95
2020-01-29,5292.55,5305.8,5261.75,5266.55
2020-01-30,5272.75,5275.05,5194.15,5203.95
2020-01-31,5228.65,5236.9,5190,5200.75
2020-02-01,5196.75,5240.85,5058.95,5069.95
2020-02-03,5045.05,5088.35,5015.4,5066.05
2020-02-04,5098,5159.65,5096.55,5157.95
2020-02-05,5171.7,5211.9,5169.7,5198.4
2020-02-06,5216.6,5249.35,5215.95,5239.75
2020-02-07,5260.95,5264.9,5242.95,5259.25
2020-02-10,5274.3,5278.7,5219.7,5224.55
2020-02-11,5256.85,5267.4,5221.75,5228.4
2020-02-12,5249.35,5249.75,5206.75,5217.5
2020-02-13,5230.95,5233.15,5205.25,5210.9
2020-02-14,5225.95,5241.15,5191.75,5197.65
2020-02-17,5210.5,5215.3,5135.55,5139.9
2020-02-18,5135.15,5138.2,5049.7,5113.8
2020-02-19,5138.55,5189.6,5138.4,5183.2
2020-02-20,5192.6,5231.15,5185.1,5203.65
2020-02-24,5179.25,5196.7,5112.2,5116.25
2020-02-25,5136.9,5160.3,5087.85,5102.35
2020-02-26,5083.6,5113.9,5058.25,5072.25
2020-02-27,5068.45,5074.5,4966.75,5022.55
2020-02-28,4902.7,4908.35,4816.15,4831.05
2020-03-02,4901.55,4949.15,4746.25,4774.9
2020-03-03,4825.65,4859.55,4765.5,4830.2
2020-03-04,4852.55,4862.8,4687.85,4754.95
2020-03-05,4782.2,4806.9,4742.75,4775.95
2020-03-06,4598.5,4672.25,4568.4,4665.95
2020-03-09,4563.7,4571.8,4405.25,4448.45
2020-03-11,4428.3,4512.75,4417.45,4436.1
2020-03-12,4228.4,4245.95,4001.95,4043.4
2020-03-13,3667.1,4093.65,3471.5,4070.9
2020-03-16,3923.4,3936.75,3835.35,3849.9
2020-03-17,3836.15,3877.85,3753.8,3760.2
2020-03-18,3795.6,3826.7,3513.9,3531.15
2020-03-19,3365.1,3415.85,3244.55,3345.9
2020-03-20,3362.2,3475.05,3327.05,3421
2020-03-23,3126,3186.3,2993.8,2996.4
2020-03-24,3068.05,3106.25,2867.4,2967.45
2020-03-25,2920.15,3049.8,2913.45,3041.55
2020-03-26,3082.95,3215.55,3063.25,3147.2
2020-03-27,3247.5,3301.05,3157.4,3174.85
2020-03-30,3124,3145.8,3064.6,3101.1
2020-03-31,3175.75,3209.5,3142.6,3201.6
2020-04-01,3223.1,3224.85,3153.45,3170.3
2020-04-03,3199.65,3201.95,3128.25,3135.4
2020-04-07,3243.9,3255,3208.65,3244.5
2020-04-08,3268.5,3369.55,3252.35,3299.6
2020-04-09,3382.5,3414.9,3378.45,3412.7
2020-04-13,3461.4,3463.25,3336.2,3398.4
2020-04-15,3453.2,3511.7,3411.85,3434.65
2020-04-16,3450.65,3515.4,3439.75,3504.25
2020-04-17,3613.35,3617.75,3564.55,3609.65
2020-04-20,3676,3676,3628.65,3633.45
2020-04-21,3584.85,3588.95,3492.5,3506.75
2020-04-22,3509.3,3530.05,3462.65,3523.5
2020-04-23,3562.1,3592.55,3553.85,3570.75
2020-04-24,3555.9,3556.1,3499.2,3504.3
2020-04-27,3552.45,3566.3,3531.85,3533
2020-04-28,3580.4,3585.65,3524.95,3558.7
2020-04-29,3589.3,3602.55,3572.85,3590.55
2020-04-30,3649.9,3664.5,3609.95,3615.75
2020-05-04,3544.85,3548.5,3487.5,3502
2020-05-05,3536.55,3558.85,3457.2,3459.05
2020-05-06,3481.55,3489.4,3437.05,3472.65
2020-05-07,3476.7,3503.2,3472.45,3479.5
2020-05-08,3517.05,3528.2,3451.3,3453.4